Workbook
Name BlanksRangeExp: 'רשימת הסעיפים'!$AA$4:$AA$323
Name BlanksRangeInc: 'רשימת הסעיפים'!$AB$4:$AB$63
Name ExpCare: טבלה11[טיפוח]
Name ExpCloth: טבלה8[ביגוד והנעלה]
Name ExpCom: טבלה17[תקשורת]
Name ExpCommit: טבלה19[התחייבויות]
Name ExpEdu: טבלה12[חינוך]
Name ExpEvents: טבלה13[אירועים, תרומות, צרכי דת]
Name ExpFamily: טבלה16[משפחה]
Name ExpFin: טבלה21[פיננסים]
Name ExpFood: טבלה4[מזון ופארמה]
Name ExpHealth: טבלה14[בריאות]
Name ExpHobby: טבלה7[פנאי, בילוי ותחביבים]
Name ExpHome: טבלה10[אחזקת בית]
Name ExpHomeCont: טבלה9[תכולת בית]
Name ExpHousing: טבלה18[דיור]
Name ExpMainList: 'רשימת הסעיפים'!$AG$4:$AG$20
Name ExpProp: טבלה20[נכסים]
Name ExpTransp: טבלה15[תחבורה]
Name IncAllow: טבלה23[קצבאות]
Name IncMainList: 'רשימת הסעיפים'!$AG$21:$AG$24
Name IncMisc: טבלה24[הכנסות שונות]
Name Incomes: OFFSET(#REF!,0,0,COUNTA(#REF!),1)
Name IncSal: טבלה22[שכר]
Name NoBlanksExp: 'רשימת הסעיפים'!$AC$3:$AC$323
Name NoBlanksInc: 'רשימת הסעיפים'!$AD$3:$AD$62
Name Outcomes: OFFSET(#REF!,0,0,COUNTA(#REF!),1)
Name PrivateIncomes: OFFSET(#REF!,0,0,COUNTA(#REF!),1)
Name PrivateOutcomes: OFFSET(#REF!,0,0,COUNTA(#REF!),1)
Name טבלת_ימי_החודש: #REF!
Name טבלת_נתוני_מקור: #REF!
Name טבלת_נתוני_מקור_להכנסות: #REF!
Name טבלת_קטגוריות: #REF!
Name טבלת_שמות_החודשים: #REF!
Name ללא_בחירה: #REF!
Name סעיפי_הכנסות: #REF!
Name סעיפי_חובות: #REF!
Name סעיפי_חודשיות_קבועות: #REF!
Name סעיפי_שוטפות: #REF!
Name סעיפי_תקופתיות: #REF!
Name ריקה: #REF!
Name תשלום_שלא_כובד: #REF!

Sheet הדרכה
B1: שמיר - כלי לשיקוף מהיר וביצוע על בסיס פירוט פעולות בנק וכרטיס אשראי באמצעות האפ-עמון
D2: גירסה
D3: אפעמון 021123
B4: הכנה | C4: הורידו את פירוט החיובים/התנועות לחודשים שלמים מכל חשבונות הבנק וכרטיסי האשראי של המשפחה (הורידו בפורמט אקסל). במקרה של שיקוף - על מספר החודשים מכל המקורות להיות זהה.
B5: שלב א | C5: הטעינו את האפ-עמון בקבצים שהורדתם לפי ההוראות שבמדריך לאפ-עמון
B6: שלב ב | C6: ודאו שהקבצים הוטענו במלואם לשמיר באמצעות גיליון "שמיר" בקובץ זה ועברו לגיליון 'שלב ב - סיווג התנועות' ובצעו את ההוראות שבו. במידת הצורך תוכלו להוסיף שמות סעיפים פרטיים בגיליון 'רשימת הסעיפים' וכן הוסיפו שורות עבור הפעולות שבוצעו במזומן במהלך תקופת השיקוף/ביצוע
B7: שלב ג | C7: בחנו את תוצאות השיקוף/ביצוע בגיליון שלב ג'.
B8: בסיום | C8: שמרו את הקובץ המסווג בפורמט XLS (אקסל 97-2003). בצעו מתוך תוכנת פעמונים, יבוא אוטומטי של תוצאות השיקוף (תיק המשפחה -> שיקוף וביצועים -> יבוא שיקוף חדש).
B9: לאחר העברת התוצאות לתוכנת פעמונים, השלימו בה את השיקוף ע"י הוספת: הכנסות/הוצאות שלא נכללו בתקופה שבדפי התנועות נתוני סעיפים פרטיים (אם יצרתם כאלו), חובות וחסכונות
B11: נתונים שהועתקו מאתרי הבנק והאשראי הדורשים התייחסות מיוחדת: עסקה המהווה החזר חוב:להשאיר את התנועה ללא סיווג לסעיף. לשקול להוסיף את התנועה כחוב במודול החובות בתיק המשפחה. עסקת תשלומים: לפי העניין - לרשום כחוב או כהוצאה בהתאם לאופי התשלום נתונים כפולים: אין לסווג את רשומות האשראי שבתנועות העו"ש. מטבע זר: יש לוודא שהסכום שהועתק הוא במונחים של ש"ח ואם לא יש להמיר את הסכום לש"ח

Sheet שלב א - טעינת דפי מקור

Sheet שלב ב - סיווג תנועות
A1: שם המשפחה | B1: ישראלי | P1: חודשי/מזדמן | Q1: ='שלב ב - סיווג תנועות'!B2 -> 0
A2: תקופת השיקוף | P2: שנתי | Q2: 12 | AD2: שורה ראשונה להדבקה ביעד | AF2: שם המקור האחרון | AH2: מקור אחרון שנבחר | AI2: 1
A3: ממוצע הוצאות בחודש | B3: ='שלב ג - תוצאות השיקוף'!B2 -> 0 | P3: דו-חודשי | Q3: 2 | AD3: 9 | AF3: =AH3 & " - " & INDIRECT("'שלב א - טעינת דפי מקור'!" & VLOOKUP($AH$3,'שלב ב - סיווג תנועות'!AD6:AJ23,7,0)) -> בנק אגוד - | AH3: =IF(AND(AI2=2,'שלב א - טעינת דפי מקור'!F4 = "יתרת פתיחה"),AD19,INDEX(AD6:AD23,AI2)) -> בנק אגוד | AI3: =VLOOKUP(AH3,AR6:AS23,2,0) -> Igud
A4: ממוצע הכנסות בחודש | B4: ='שלב ג - תוצאות השיקוף'!E2 -> 0 | O4: הוצאה | P4: רבעוני | Q4: 3
A5: מאזן חודשי | B5: =(B4-B3) -> 0 | O5: הכנסה | P5: חלוקת הסכום ב X (רשמו כאן את X) | AC5: לא נתמכים עדיין | AE5: עמודה לתאריך | AF5: עמודה לתיאור | AG5: עמודה לסכום [חובה] | AH5: עמודה לפרטים/הערות | AJ5: תא למיקום שם מקור | AL5: שורת נתונים ראשונה | AM5: שורת נתונים אחרונה | AN5: מס' שורות להעתיק | AR5: תרגום למשתמשי אקסל באנגלית
A6: שימו לב! אין לשנות את סדר התנועות או את מיקומן. | AD6: בנק אגוד | AE6: A | AF6: B | AG6: D | AJ6: A5 | AL6: 23 | AM6: =MATCH(100000000000,'שלב א - טעינת דפי מקור'!F:F) -> #N/A | AN6: =AM6-AL6 -> #N/A | AR6: בנק אגוד | AS6: Igud
A7: תנועות מתוך דפי בנק וכרטיסי אשראי | AD7: בנק אוצר החייל | AE7: B | AF7: D | AG7: G | AJ7: A1 | AL7: 3 | AM7: =MATCH(100000000000,'שלב א - טעינת דפי מקור'!C:C) -> #N/A | AN7: =AM7-AL7 -> #N/A | AR7: בנק אוצר החייל | AS7: Otsar
A8: מקור | B8: תאריך | C8: תיאור / שם בית העסק | D8: סכום | E8: הוצאה/הכנסה (ברירת מחדל: הוצאה) | F8: מחזוריות (ברירת מחדל: חודשי/מזדמן) | G8: סעיף ראשי | H8: שם סעיף | I8: הערות (מלל חופשי) | J8: סכום עסקה | K8: מטבע לחיוב | L8: מספר כרטיס/בנק | N8: לממוצע חודשי (לשימוש פנימי) | O8: מס' חודשים (לשימוש פנימי) | P8: מס' מופעים (לשימוש פנימי) | AD8: בנק דיסקונט | AE8: A | AF8: C | AG8: D | AJ8: A6 | AL8: 14 | AM8: =MATCH(100000000000,'שלב א - טעינת דפי מקור'!E:E) -> #N/A | AN8: =AM8-AL8 -> #N/A | AR8: בנק דיסקונט | AS8: Discount
A9: אשראי-1 | B9: 01/01/2026 | C9: פיצה מתי קניון רחובות | D9: 22 | E9: הוצאה | F9: ="" | G9: פנאי, בילוי ותחביבים | H9: מסעדה ואוכל בחוץ | J9: 22 | K9: ₪ | L9: 7721 | N9: =IF(OR(F9=$P$1,F9="",F9=0),D9/$B$2,IF(OR(F9=$P$2,F9=$P$3,F9=$P$4),D9/(O9*P9),D9/O9)) -> #DIV/0! | O9: =IFERROR(VLOOKUP(F9,$P$1:$Q$4,2,0),F9) | P9: =IF(C9="",1,COUNTIFS($C$9:$C$1499,C9,$H$9:$H$1499,H9)) -> 1 | AD9: בנק הפועלים (עסקי) | AE9: A | AF9: C | AG9: G | AH9: D | AJ9: A5 | AL9: 7 | AM9: =MATCH(100000000000,'שלב א - טעינת דפי מקור'!I:I) -> #N/A | AN9: =AM9-AL9 -> #N/A | AR9: בנק הפועלים (עסקי) | AS9: PoalimBiz
A10: אשראי-1 | B10: 01/01/2026 | C10: רבידים המרכז לחינוך ופיתו | D10: 80 | E10: הוצאה | F10: =IFERROR(VLOOKUP(C10,$C$9:H9,4,FALSE),"") | G10: =IFERROR(VLOOKUP(C10,$C$9:G9,5,FALSE),"") | H10: =IFERROR(VLOOKUP(C10,$C$9:H9,6,FALSE),"") | I10: הוראת קבע | J10: 80 | K10: ₪ | L10: 7721 | N10: =IF(OR(F10=$P$1,F10="",F10=0),D10/$B$2,IF(OR(F10=$P$2,F10=$P$3,F10=$P$4),D10/(O10*P10),D10/O10)) -> #DIV/0! | O10: =IFERROR(VLOOKUP(F10,$P$1:$Q$4,2,0),F10) | P10: =IF(C10="",1,COUNTIFS($C$9:$C$1499,C10,$H$9:$H$1499,H10)) -> 1 | AD10: בנק הפועלים | AE10: A | AF10: B | AG10: E | AH10: C | AJ10: A5 | AL10: 7 | AM10: =MATCH(100000000000,'שלב א - טעינת דפי מקור'!G:G) -> #N/A | AN10: =AM10-AL10 -> #N/A | AR10: בנק הפועלים | AS10: Poalim
A11: אשראי-1 | B11: 01/01/2026 | C11: KSP רחובות | D11: 72 | E11: הוצאה | F11: =IFERROR(VLOOKUP(C11,$C$9:H10,4,FALSE),"") | G11: =IFERROR(VLOOKUP(C11,$C$9:G10,5,FALSE),"") | H11: =IFERROR(VLOOKUP(C11,$C$9:H10,6,FALSE),"") | J11: 72 | K11: ₪ | L11: 7721 | N11: =IF(OR(F11=$P$1,F11="",F11=0),D11/$B$2,IF(OR(F11=$P$2,F11=$P$3,F11=$P$4),D11/(O11*P11),D11/O11)) -> #DIV/0! | O11: =IFERROR(VLOOKUP(F11,$P$1:$Q$4,2,0),F11) | P11: =IF(C11="",1,COUNTIFS($C$9:$C$1499,C11,$H$9:$H$1499,H11)) -> 1 | AD11: בנק יהב | AE11: A | AF11: D | AG11: E | AJ11: B4 | AL11: 7 | AM11: =MATCH(100000000000,'שלב א - טעינת דפי מקור'!A:A) -> #N/A | AN11: =AM11-AL11 -> #N/A | AR11: בנק יהב | AS11: Yahav
A12: אשראי-1 | B12: 01/01/2026 | C12: KSP רחובות | D12: 108 | E12: הוצאה | F12: =IFERROR(VLOOKUP(C12,$C$9:H11,4,FALSE),"") | G12: =IFERROR(VLOOKUP(C12,$C$9:G11,5,FALSE),"") | H12: =IFERROR(VLOOKUP(C12,$C$9:H11,6,FALSE),"") | J12: 108 | K12: ₪ | L12: 7721 | N12: =IF(OR(F12=$P$1,F12="",F12=0),D12/$B$2,IF(OR(F12=$P$2,F12=$P$3,F12=$P$4),D12/(O12*P12),D12/O12)) -> #DIV/0! | O12: =IFERROR(VLOOKUP(F12,$P$1:$Q$4,2,0),F12) | P12: =IF(C12="",1,COUNTIFS($C$9:$C$1499,C12,$H$9:$H$1499,H12)) -> 1 | AC12: בנק ירושלים | AD12: ----- שמור זמנית ----- | AR12: ----- שמור זמנית ----- | AS12: Reserved
A13: אשראי-1 | B13: 01/01/2026 | C13: WOLT | D13: 36.99 | E13: הוצאה | F13: =IFERROR(VLOOKUP(C13,$C$9:H12,4,FALSE),"") | G13: פנאי, בילוי ותחביבים | H13: מסעדה ואוכל בחוץ | J13: 36.99 | K13: ₪ | L13: 7721 | N13: =IF(OR(F13=$P$1,F13="",F13=0),D13/$B$2,IF(OR(F13=$P$2,F13=$P$3,F13=$P$4),D13/(O13*P13),D13/O13)) -> #DIV/0! | O13: =IFERROR(VLOOKUP(F13,$P$1:$Q$4,2,0),F13) | P13: =IF(C13="",1,COUNTIFS($C$9:$C$1499,C13,$H$9:$H$1499,H13)) -> 1 | AD13: בנק לאומי | AE13: A | AF13: C | AG13: E | AH13: H | AJ13: A2 | AL13: =MATCH("תיאור",'שלב א - טעינת דפי מקור'!$C$1:$C$27,0)+1 -> #N/A | AM13: =MATCH(100000000000,'שלב א - טעינת דפי מקור'!D:D) -> #N/A | AN13: =AM13-AL13 -> #N/A | AR13: בנק לאומי | AS13: Leumi
A14: אשראי-1 | B14: 01/01/2026 | C14: פיס פלוס -תו נטען | D14: 37.5 | E14: הוצאה | F14: =IFERROR(VLOOKUP(C14,$C$9:H13,4,FALSE),"") | G14: =IFERROR(VLOOKUP(C14,$C$9:G13,5,FALSE),"") | H14: =IFERROR(VLOOKUP(C14,$C$9:H13,6,FALSE),"") | J14: 37.5 | K14: ₪ | L14: 7721 | N14: =IF(OR(F14=$P$1,F14="",F14=0),D14/$B$2,IF(OR(F14=$P$2,F14=$P$3,F14=$P$4),D14/(O14*P14),D14/O14)) -> #DIV/0! | O14: =IFERROR(VLOOKUP(F14,$P$1:$Q$4,2,0),F14) | P14: =IF(C14="",1,COUNTIFS($C$9:$C$1499,C14,$H$9:$H$1499,H14)) -> 1 | AD14: בנק מזרחי טפחות | AE14: A | AF14: C | AG14: E | AJ14: B3 | AL14: 11 | AM14: =MATCH(100000000000,'שלב א - טעינת דפי מקור'!G:G) -> #N/A | AN14: =AM14-AL14 -> #N/A | AR14: בנק מזרחי טפחות | AS14: Mizrachi
A15: אשראי-1 | B15: 01/01/2026 | C15: פיס פלוס -תו נטען | D15: 187.5 | E15: הוצאה | F15: =IFERROR(VLOOKUP(C15,$C$9:H14,4,FALSE),"") | G15: =IFERROR(VLOOKUP(C15,$C$9:G14,5,FALSE),"") | H15: =IFERROR(VLOOKUP(C15,$C$9:H14,6,FALSE),"") | J15: 187.5 | K15: ₪ | L15: 7721 | N15: =IF(OR(F15=$P$1,F15="",F15=0),D15/$B$2,IF(OR(F15=$P$2,F15=$P$3,F15=$P$4),D15/(O15*P15),D15/O15)) -> #DIV/0! | O15: =IFERROR(VLOOKUP(F15,$P$1:$Q$4,2,0),F15) | P15: =IF(C15="",1,COUNTIFS($C$9:$C$1499,C15,$H$9:$H$1499,H15)) -> 1 | AD15: בנק מסד | AE15: B | AF15: D | AG15: G | AJ15: A1 | AL15: 4 | AM15: =MATCH(100000000000,'שלב א - טעינת דפי מקור'!C:C) -> #N/A | AN15: =AM15-AL15 -> #N/A | AR15: בנק מסד | AS15: Masad
A16: אשראי-1 | B16: 01/01/2026 | C16: WOLT | D16: 49 | E16: הוצאה | F16: =IFERROR(VLOOKUP(C16,$C$9:H15,4,FALSE),"") | G16: פנאי, בילוי ותחביבים | H16: מסעדה ואוכל בחוץ | J16: 49 | K16: ₪ | L16: 7721 | N16: =IF(OR(F16=$P$1,F16="",F16=0),D16/$B$2,IF(OR(F16=$P$2,F16=$P$3,F16=$P$4),D16/(O16*P16),D16/O16)) -> #DIV/0! | O16: =IFERROR(VLOOKUP(F16,$P$1:$Q$4,2,0),F16) | P16: =IF(C16="",1,COUNTIFS($C$9:$C$1499,C16,$H$9:$H$1499,H16)) -> 1 | AD16: בנק מרכנתיל דיסקונט | AE16: A | AF16: C | AG16: D | AJ16: A3 | AL16: 9 | AM16: =IFERROR(MATCH(AO16,'שלב א - טעינת דפי מקור'!A:A,0)-2,MATCH(100000000000,'שלב א - טעינת דפי מקור'!E:E)) -> #N/A | AN16: =AM16-AL16 -> #N/A | AO16: תנועות עתידיות | AR16: בנק מרכנתיל דיסקונט | AS16: Mercantil
A17: אשראי-1 | B17: 01/01/2026 | C17: הטבות פיס | D17: 26 | E17: הוצאה | F17: =IFERROR(VLOOKUP(C17,$C$9:H16,4,FALSE),"") | G17: =IFERROR(VLOOKUP(C17,$C$9:G16,5,FALSE),"") | H17: =IFERROR(VLOOKUP(C17,$C$9:H16,6,FALSE),"") | J17: 26 | K17: ₪ | L17: 7721 | N17: =IF(OR(F17=$P$1,F17="",F17=0),D17/$B$2,IF(OR(F17=$P$2,F17=$P$3,F17=$P$4),D17/(O17*P17),D17/O17)) -> #DIV/0! | O17: =IFERROR(VLOOKUP(F17,$P$1:$Q$4,2,0),F17) | P17: =IF(C17="",1,COUNTIFS($C$9:$C$1499,C17,$H$9:$H$1499,H17)) -> 1 | AC17: בנק ערבי ישראלי | AD17: ----- שמור זמנית -----
A18: אשראי-1 | B18: 01/01/2026 | C18: הטבות פיס פ. | D18: 135 | E18: הוצאה | F18: =IFERROR(VLOOKUP(C18,$C$9:H17,4,FALSE),"") | G18: =IFERROR(VLOOKUP(C18,$C$9:G17,5,FALSE),"") | H18: =IFERROR(VLOOKUP(C18,$C$9:H17,6,FALSE),"") | J18: 135 | K18: ₪ | L18: 7721 | N18: =IF(OR(F18=$P$1,F18="",F18=0),D18/$B$2,IF(OR(F18=$P$2,F18=$P$3,F18=$P$4),D18/(O18*P18),D18/O18)) -> #DIV/0! | O18: =IFERROR(VLOOKUP(F18,$P$1:$Q$4,2,0),F18) | P18: =IF(C18="",1,COUNTIFS($C$9:$C$1499,C18,$H$9:$H$1499,H18)) -> 1 | AC18: בנק פועלי אגודת ישראל | AD18: ----- שמור זמנית -----
A19: אשראי-1 | B19: 01/01/2026 | C19: הטבות פיס פ. | D19: 99 | E19: הוצאה | F19: =IFERROR(VLOOKUP(C19,$C$9:H18,4,FALSE),"") | G19: =IFERROR(VLOOKUP(C19,$C$9:G18,5,FALSE),"") | H19: =IFERROR(VLOOKUP(C19,$C$9:H18,6,FALSE),"") | J19: 99 | K19: ₪ | L19: 7721 | N19: =IF(OR(F19=$P$1,F19="",F19=0),D19/$B$2,IF(OR(F19=$P$2,F19=$P$3,F19=$P$4),D19/(O19*P19),D19/O19)) -> #DIV/0! | O19: =IFERROR(VLOOKUP(F19,$P$1:$Q$4,2,0),F19) | P19: =IF(C19="",1,COUNTIFS($C$9:$C$1499,C19,$H$9:$H$1499,H19)) -> 1 | AD19: הבנק הבינלאומי הראשון | AE19: I | AF19: F | AG19: E | AJ19: A1 | AL19: 5 | AM19: =MATCH(100000000000,'שלב א - טעינת דפי מקור'!H:H) -> #N/A | AN19: =AM19-AL19 -> #N/A | AR19: הבנק הבינלאומי הראשון | AS19: BenLeumi
A20: אשראי-1 | B20: 01/01/2026 | C20: הטבות פיס פ. | D20: 150 | E20: הוצאה | F20: =IFERROR(VLOOKUP(C20,$C$9:H19,4,FALSE),"") | G20: =IFERROR(VLOOKUP(C20,$C$9:G19,5,FALSE),"") | H20: =IFERROR(VLOOKUP(C20,$C$9:H19,6,FALSE),"") | J20: 150 | K20: ₪ | L20: 7721 | N20: =IF(OR(F20=$P$1,F20="",F20=0),D20/$B$2,IF(OR(F20=$P$2,F20=$P$3,F20=$P$4),D20/(O20*P20),D20/O20)) -> #DIV/0! | O20: =IFERROR(VLOOKUP(F20,$P$1:$Q$4,2,0),F20) | P20: =IF(C20="",1,COUNTIFS($C$9:$C$1499,C20,$H$9:$H$1499,H20)) -> 1 | AC20: יובנק | AD20: ----- שמור זמנית -----
A21: אשראי-1 | B21: 01/01/2026 | C21: הטבות פיס פ. | D21: 118 | E21: הוצאה | F21: =IFERROR(VLOOKUP(C21,$C$9:H20,4,FALSE),"") | G21: =IFERROR(VLOOKUP(C21,$C$9:G20,5,FALSE),"") | H21: =IFERROR(VLOOKUP(C21,$C$9:H20,6,FALSE),"") | J21: 118 | K21: ₪ | L21: 7721 | N21: =IF(OR(F21=$P$1,F21="",F21=0),D21/$B$2,IF(OR(F21=$P$2,F21=$P$3,F21=$P$4),D21/(O21*P21),D21/O21)) -> #DIV/0! | O21: =IFERROR(VLOOKUP(F21,$P$1:$Q$4,2,0),F21) | P21: =IF(C21="",1,COUNTIFS($C$9:$C$1499,C21,$H$9:$H$1499,H21)) -> 1 | AD21: כרטיס ישראכרט | AE21: A | AF21: B | AG21: C | AH21: H | AJ21: A4 | AL21: 7 | AM21: =IFERROR(MATCH(AO21,'שלב א - טעינת דפי מקור'!A:A,0)-2,MATCH(100000000000,'שלב א - טעינת דפי מקור'!E:E)-1) -> #N/A | AN21: =AM21-AL21 -> #N/A | AO21: עסקאות בחו˝ל | AP21: =IFERROR(MATCH(AO21,'שלב א - טעינת דפי מקור'!A:A,0),"None") -> None | AR21: כרטיס ישראכרט | AS21: Isracard
A22: בנק-11 | B22: 01/01/2026 | C22: הו"ק הלו' רבית | D22: 103.44 | E22: הוצאה | F22: =IFERROR(VLOOKUP(C22,$C$9:H21,4,FALSE),"") | G22: =IFERROR(VLOOKUP(C22,$C$9:G21,5,FALSE),"") | H22: =IFERROR(VLOOKUP(C22,$C$9:H21,6,FALSE),"") | J22: 0 | L22: 12-615-563159 | N22: =IF(OR(F22=$P$1,F22="",F22=0),D22/$B$2,IF(OR(F22=$P$2,F22=$P$3,F22=$P$4),D22/(O22*P22),D22/O22)) -> #DIV/0! | O22: =IFERROR(VLOOKUP(F22,$P$1:$Q$4,2,0),F22) | P22: =IF(C22="",1,COUNTIFS($C$9:$C$1499,C22,$H$9:$H$1499,H22)) -> 1 | AD22: כרטיס כ.א.ל | AE22: A | AF22: B | AG22: C | AH22: E | AJ22: A2 | AL22: 4 | AM22: =MATCH(100000000000,'שלב א - טעינת דפי מקור'!D:D)-1 -> #N/A | AN22: =AM22-AL22 -> #N/A | AR22: כרטיס כ.א.ל | AS22: Cal
A23: בנק-11 | B23: 01/01/2026 | C23: הו"ק הלואה קרן | D23: 442.26 | E23: הוצאה | F23: =IFERROR(VLOOKUP(C23,$C$9:H22,4,FALSE),"") | G23: =IFERROR(VLOOKUP(C23,$C$9:G22,5,FALSE),"") | H23: =IFERROR(VLOOKUP(C23,$C$9:H22,6,FALSE),"") | J23: 0 | L23: 12-615-563159 | N23: =IF(OR(F23=$P$1,F23="",F23=0),D23/$B$2,IF(OR(F23=$P$2,F23=$P$3,F23=$P$4),D23/(O23*P23),D23/O23)) -> #DIV/0! | O23: =IFERROR(VLOOKUP(F23,$P$1:$Q$4,2,0),F23) | P23: =IF(C23="",1,COUNTIFS($C$9:$C$1499,C23,$H$9:$H$1499,H23)) -> 1 | AD23: כרטיס מקס (לאומי קארד) | AE23: A | AF23: B | AG23: H | AH23: K | AJ23: D5 | AL23: 5 | AM23: =MATCH(100000000000,'שלב א - טעינת דפי מקור'!F:F) -> #N/A | AN23: =AM23-AL23 -> #N/A | AR23: כרטיס מקס (לאומי קארד) | AS23: MaxCard
A24: אשראי-1 | B24: 02/01/2026 | C24: קפה לנדוור בע"מ | D24: 130 | E24: הוצאה | F24: =IFERROR(VLOOKUP(C24,$C$9:H23,4,FALSE),"") | G24: פנאי, בילוי ותחביבים | H24: מסעדה ואוכל בחוץ | J24: 130 | K24: ₪ | L24: 7721 | N24: =IF(OR(F24=$P$1,F24="",F24=0),D24/$B$2,IF(OR(F24=$P$2,F24=$P$3,F24=$P$4),D24/(O24*P24),D24/O24)) -> #DIV/0! | O24: =IFERROR(VLOOKUP(F24,$P$1:$Q$4,2,0),F24) | P24: =IF(C24="",1,COUNTIFS($C$9:$C$1499,C24,$H$9:$H$1499,H24)) -> 1 | AC24: בנק דקסיה ישראל
A25: אשראי-1 | B25: 02/01/2026 | C25: פיצה מתי קניון רחובות | D25: 34 | E25: הוצאה | F25: =IFERROR(VLOOKUP(C25,$C$9:H24,4,FALSE),"") | G25: פנאי, בילוי ותחביבים | H25: מסעדה ואוכל בחוץ | J25: 34 | K25: ₪ | L25: 7721 | N25: =IF(OR(F25=$P$1,F25="",F25=0),D25/$B$2,IF(OR(F25=$P$2,F25=$P$3,F25=$P$4),D25/(O25*P25),D25/O25)) -> #DIV/0! | O25: =IFERROR(VLOOKUP(F25,$P$1:$Q$4,2,0),F25) | P25: =IF(C25="",1,COUNTIFS($C$9:$C$1499,C25,$H$9:$H$1499,H25)) -> 1
A26: אשראי-1 | B26: 02/01/2026 | C26: צ'וקה רחובות | D26: 15 | E26: הוצאה | F26: =IFERROR(VLOOKUP(C26,$C$9:H25,4,FALSE),"") | G26: פנאי, בילוי ותחביבים | H26: מסעדה ואוכל בחוץ | J26: 15 | K26: ₪ | L26: 7721 | N26: =IF(OR(F26=$P$1,F26="",F26=0),D26/$B$2,IF(OR(F26=$P$2,F26=$P$3,F26=$P$4),D26/(O26*P26),D26/O26)) -> #DIV/0! | O26: =IFERROR(VLOOKUP(F26,$P$1:$Q$4,2,0),F26) | P26: =IF(C26="",1,COUNTIFS($C$9:$C$1499,C26,$H$9:$H$1499,H26)) -> 1
A27: אשראי-1 | B27: 02/01/2026 | C27: ביגה ראשונים | D27: 38.8 | E27: הוצאה | F27: =IFERROR(VLOOKUP(C27,$C$9:H26,4,FALSE),"") | G27: =IFERROR(VLOOKUP(C27,$C$9:G26,5,FALSE),"") | H27: =IFERROR(VLOOKUP(C27,$C$9:H26,6,FALSE),"") | J27: 40 | K27: ₪ | L27: 7721 | N27: =IF(OR(F27=$P$1,F27="",F27=0),D27/$B$2,IF(OR(F27=$P$2,F27=$P$3,F27=$P$4),D27/(O27*P27),D27/O27)) -> #DIV/0! | O27: =IFERROR(VLOOKUP(F27,$P$1:$Q$4,2,0),F27) | P27: =IF(C27="",1,COUNTIFS($C$9:$C$1499,C27,$H$9:$H$1499,H27)) -> 1
A28: אשראי-1 | B28: 02/01/2026 | C28: הטבות פיס פ. | D28: 50 | E28: הוצאה | F28: =IFERROR(VLOOKUP(C28,$C$9:H27,4,FALSE),"") | G28: =IFERROR(VLOOKUP(C28,$C$9:G27,5,FALSE),"") | H28: =IFERROR(VLOOKUP(C28,$C$9:H27,6,FALSE),"") | J28: 50 | K28: ₪ | L28: 7721 | N28: =IF(OR(F28=$P$1,F28="",F28=0),D28/$B$2,IF(OR(F28=$P$2,F28=$P$3,F28=$P$4),D28/(O28*P28),D28/O28)) -> #DIV/0! | O28: =IFERROR(VLOOKUP(F28,$P$1:$Q$4,2,0),F28) | P28: =IF(C28="",1,COUNTIFS($C$9:$C$1499,C28,$H$9:$H$1499,H28)) -> 1
A29: אשראי-1 | B29: 02/01/2026 | C29: הטבות פיס פ. | D29: 190 | E29: הוצאה | F29: =IFERROR(VLOOKUP(C29,$C$9:H28,4,FALSE),"") | G29: =IFERROR(VLOOKUP(C29,$C$9:G28,5,FALSE),"") | H29: =IFERROR(VLOOKUP(C29,$C$9:H28,6,FALSE),"") | J29: 190 | K29: ₪ | L29: 7721 | N29: =IF(OR(F29=$P$1,F29="",F29=0),D29/$B$2,IF(OR(F29=$P$2,F29=$P$3,F29=$P$4),D29/(O29*P29),D29/O29)) -> #DIV/0! | O29: =IFERROR(VLOOKUP(F29,$P$1:$Q$4,2,0),F29) | P29: =IF(C29="",1,COUNTIFS($C$9:$C$1499,C29,$H$9:$H$1499,H29)) -> 1
A30: אשראי-1 | B30: 02/01/2026 | C30: אורבן קופיקס בע"מ רחובות | D30: 8 | E30: הוצאה | F30: =IFERROR(VLOOKUP(C30,$C$9:H29,4,FALSE),"") | G30: =IFERROR(VLOOKUP(C30,$C$9:G29,5,FALSE),"") | H30: =IFERROR(VLOOKUP(C30,$C$9:H29,6,FALSE),"") | J30: 8 | K30: ₪ | L30: 7721 | N30: =IF(OR(F30=$P$1,F30="",F30=0),D30/$B$2,IF(OR(F30=$P$2,F30=$P$3,F30=$P$4),D30/(O30*P30),D30/O30)) -> #DIV/0! | O30: =IFERROR(VLOOKUP(F30,$P$1:$Q$4,2,0),F30) | P30: =IF(C30="",1,COUNTIFS($C$9:$C$1499,C30,$H$9:$H$1499,H30)) -> 1
A31: אשראי-1 | B31: 02/01/2026 | C31: WOLT | D31: 10.1 | E31: הוצאה | F31: =IFERROR(VLOOKUP(C31,$C$9:H30,4,FALSE),"") | G31: פנאי, בילוי ותחביבים | H31: מסעדה ואוכל בחוץ | J31: 10.1 | K31: ₪ | L31: 7721 | N31: =IF(OR(F31=$P$1,F31="",F31=0),D31/$B$2,IF(OR(F31=$P$2,F31=$P$3,F31=$P$4),D31/(O31*P31),D31/O31)) -> #DIV/0! | O31: =IFERROR(VLOOKUP(F31,$P$1:$Q$4,2,0),F31) | P31: =IF(C31="",1,COUNTIFS($C$9:$C$1499,C31,$H$9:$H$1499,H31)) -> 1
A32: אשראי-1 | B32: 02/01/2026 | C32: פיס פלוס -תו נטען | D32: 37.5 | E32: הוצאה | F32: =IFERROR(VLOOKUP(C32,$C$9:H31,4,FALSE),"") | G32: =IFERROR(VLOOKUP(C32,$C$9:G31,5,FALSE),"") | H32: =IFERROR(VLOOKUP(C32,$C$9:H31,6,FALSE),"") | J32: 37.5 | K32: ₪ | L32: 7721 | N32: =IF(OR(F32=$P$1,F32="",F32=0),D32/$B$2,IF(OR(F32=$P$2,F32=$P$3,F32=$P$4),D32/(O32*P32),D32/O32)) -> #DIV/0! | O32: =IFERROR(VLOOKUP(F32,$P$1:$Q$4,2,0),F32) | P32: =IF(C32="",1,COUNTIFS($C$9:$C$1499,C32,$H$9:$H$1499,H32)) -> 1
A33: בנק-11 | B33: 02/01/2026 | C33: הו"ק הלו' רבית | D33: 124.71 | E33: הוצאה | F33: =IFERROR(VLOOKUP(C33,$C$9:H32,4,FALSE),"") | G33: =IFERROR(VLOOKUP(C33,$C$9:G32,5,FALSE),"") | H33: =IFERROR(VLOOKUP(C33,$C$9:H32,6,FALSE),"") | J33: 0 | L33: 12-615-563159 | N33: =IF(OR(F33=$P$1,F33="",F33=0),D33/$B$2,IF(OR(F33=$P$2,F33=$P$3,F33=$P$4),D33/(O33*P33),D33/O33)) -> #DIV/0! | O33: =IFERROR(VLOOKUP(F33,$P$1:$Q$4,2,0),F33) | P33: =IF(C33="",1,COUNTIFS($C$9:$C$1499,C33,$H$9:$H$1499,H33)) -> 1
A34: בנק-11 | B34: 02/01/2026 | C34: הו"ק הלואה קרן | D34: 330.81 | E34: הוצאה | F34: =IFERROR(VLOOKUP(C34,$C$9:H33,4,FALSE),"") | G34: =IFERROR(VLOOKUP(C34,$C$9:G33,5,FALSE),"") | H34: =IFERROR(VLOOKUP(C34,$C$9:H33,6,FALSE),"") | J34: 0 | L34: 12-615-563159 | N34: =IF(OR(F34=$P$1,F34="",F34=0),D34/$B$2,IF(OR(F34=$P$2,F34=$P$3,F34=$P$4),D34/(O34*P34),D34/O34)) -> #DIV/0! | O34: =IFERROR(VLOOKUP(F34,$P$1:$Q$4,2,0),F34) | P34: =IF(C34="",1,COUNTIFS($C$9:$C$1499,C34,$H$9:$H$1499,H34)) -> 1
A35: בנק-11 | B35: 02/01/2026 | C35: מקס איט פיננסי | D35: 7628.75 | E35: הוצאה | F35: =IFERROR(VLOOKUP(C35,$C$9:H34,4,FALSE),"") | G35: לא לסיווג | H35: לא לסיווג | J35: 0 | L35: 12-615-563159 | N35: =IF(OR(F35=$P$1,F35="",F35=0),D35/$B$2,IF(OR(F35=$P$2,F35=$P$3,F35=$P$4),D35/(O35*P35),D35/O35)) -> #DIV/0! | O35: =IFERROR(VLOOKUP(F35,$P$1:$Q$4,2,0),F35) | P35: =IF(C35="",1,COUNTIFS($C$9:$C$1499,C35,$H$9:$H$1499,H35)) -> 1
A36: בנק-11 | B36: 02/01/2026 | C36: משיכה מבנקט | D36: 200 | E36: הוצאה | F36: =IFERROR(VLOOKUP(C36,$C$9:H35,4,FALSE),"") | G36: =IFERROR(VLOOKUP(C36,$C$9:G35,5,FALSE),"") | H36: =IFERROR(VLOOKUP(C36,$C$9:H35,6,FALSE),"") | J36: 0 | L36: 12-615-563159 | N36: =IF(OR(F36=$P$1,F36="",F36=0),D36/$B$2,IF(OR(F36=$P$2,F36=$P$3,F36=$P$4),D36/(O36*P36),D36/O36)) -> #DIV/0! | O36: =IFERROR(VLOOKUP(F36,$P$1:$Q$4,2,0),F36) | P36: =IF(C36="",1,COUNTIFS($C$9:$C$1499,C36,$H$9:$H$1499,H36)) -> 1
A37: בנק-11 | B37: 02/01/2026 | C37: כאל | D37: 4551.98 | E37: הוצאה | F37: =IFERROR(VLOOKUP(C37,$C$9:H36,4,FALSE),"") | G37: =IFERROR(VLOOKUP(C37,$C$9:G36,5,FALSE),"") | H37: =IFERROR(VLOOKUP(C37,$C$9:H36,6,FALSE),"") | J37: 0 | L37: 12-615-563159 | N37: =IF(OR(F37=$P$1,F37="",F37=0),D37/$B$2,IF(OR(F37=$P$2,F37=$P$3,F37=$P$4),D37/(O37*P37),D37/O37)) -> #DIV/0! | O37: =IFERROR(VLOOKUP(F37,$P$1:$Q$4,2,0),F37) | P37: =IF(C37="",1,COUNTIFS($C$9:$C$1499,C37,$H$9:$H$1499,H37)) -> 1
A38: אשראי-1 | B38: 03/01/2026 | C38: ביחד בשבילך | D38: 76 | E38: הוצאה | F38: =IFERROR(VLOOKUP(C38,$C$9:H37,4,FALSE),"") | G38: =IFERROR(VLOOKUP(C38,$C$9:G37,5,FALSE),"") | H38: =IFERROR(VLOOKUP(C38,$C$9:H37,6,FALSE),"") | J38: 76 | K38: ₪ | L38: 7721 | N38: =IF(OR(F38=$P$1,F38="",F38=0),D38/$B$2,IF(OR(F38=$P$2,F38=$P$3,F38=$P$4),D38/(O38*P38),D38/O38)) -> #DIV/0! | O38: =IFERROR(VLOOKUP(F38,$P$1:$Q$4,2,0),F38) | P38: =IF(C38="",1,COUNTIFS($C$9:$C$1499,C38,$H$9:$H$1499,H38)) -> 1
A39: אשראי-1 | B39: 03/01/2026 | C39: סופרפארם אונליין | D39: 50.83 | E39: הוצאה | F39: =IFERROR(VLOOKUP(C39,$C$9:H38,4,FALSE),"") | G39: מזון ופארמה | H39: פארמה וטואלטיקה | J39: 50.83 | K39: ₪ | L39: 7721 | N39: =IF(OR(F39=$P$1,F39="",F39=0),D39/$B$2,IF(OR(F39=$P$2,F39=$P$3,F39=$P$4),D39/(O39*P39),D39/O39)) -> #DIV/0! | O39: =IFERROR(VLOOKUP(F39,$P$1:$Q$4,2,0),F39) | P39: =IF(C39="",1,COUNTIFS($C$9:$C$1499,C39,$H$9:$H$1499,H39)) -> 1
A40: אשראי-1 | B40: 03/01/2026 | C40: מקדונלדס APPLE/GOOGLE PAY | D40: 15 | E40: הוצאה | F40: =IFERROR(VLOOKUP(C40,$C$9:H39,4,FALSE),"") | G40: פנאי, בילוי ותחביבים | H40: מסעדה ואוכל בחוץ | J40: 15 | K40: ₪ | L40: 7721 | N40: =IF(OR(F40=$P$1,F40="",F40=0),D40/$B$2,IF(OR(F40=$P$2,F40=$P$3,F40=$P$4),D40/(O40*P40),D40/O40)) -> #DIV/0! | O40: =IFERROR(VLOOKUP(F40,$P$1:$Q$4,2,0),F40) | P40: =IF(C40="",1,COUNTIFS($C$9:$C$1499,C40,$H$9:$H$1499,H40)) -> 1
A41: אשראי-1 | B41: 03/01/2026 | C41: הטבות פיס | D41: 34 | E41: הוצאה | F41: =IFERROR(VLOOKUP(C41,$C$9:H40,4,FALSE),"") | G41: =IFERROR(VLOOKUP(C41,$C$9:G40,5,FALSE),"") | H41: =IFERROR(VLOOKUP(C41,$C$9:H40,6,FALSE),"") | J41: 34 | K41: ₪ | L41: 7721 | N41: =IF(OR(F41=$P$1,F41="",F41=0),D41/$B$2,IF(OR(F41=$P$2,F41=$P$3,F41=$P$4),D41/(O41*P41),D41/O41)) -> #DIV/0! | O41: =IFERROR(VLOOKUP(F41,$P$1:$Q$4,2,0),F41) | P41: =IF(C41="",1,COUNTIFS($C$9:$C$1499,C41,$H$9:$H$1499,H41)) -> 1
A42: אשראי-1 | B42: 04/01/2026 | C42: מאוחדת פארם אונליין | D42: 20.22 | E42: הוצאה | F42: =IFERROR(VLOOKUP(C42,$C$9:H41,4,FALSE),"") | G42: =IFERROR(VLOOKUP(C42,$C$9:G41,5,FALSE),"") | H42: =IFERROR(VLOOKUP(C42,$C$9:H41,6,FALSE),"") | J42: 20.22 | K42: ₪ | L42: 7721 | N42: =IF(OR(F42=$P$1,F42="",F42=0),D42/$B$2,IF(OR(F42=$P$2,F42=$P$3,F42=$P$4),D42/(O42*P42),D42/O42)) -> #DIV/0! | O42: =IFERROR(VLOOKUP(F42,$P$1:$Q$4,2,0),F42) | P42: =IF(C42="",1,COUNTIFS($C$9:$C$1499,C42,$H$9:$H$1499,H42)) -> 1
A43: אשראי-1 | B43: 04/01/2026 | C43: WOLT | D43: 56.12 | E43: הוצאה | F43: =IFERROR(VLOOKUP(C43,$C$9:H42,4,FALSE),"") | G43: פנאי, בילוי ותחביבים | H43: מסעדה ואוכל בחוץ | J43: 56.12 | K43: ₪ | L43: 7721 | N43: =IF(OR(F43=$P$1,F43="",F43=0),D43/$B$2,IF(OR(F43=$P$2,F43=$P$3,F43=$P$4),D43/(O43*P43),D43/O43)) -> #DIV/0! | O43: =IFERROR(VLOOKUP(F43,$P$1:$Q$4,2,0),F43) | P43: =IF(C43="",1,COUNTIFS($C$9:$C$1499,C43,$H$9:$H$1499,H43)) -> 1
A44: אשראי-1 | B44: 04/01/2026 | C44: הטבות פיס פ. | D44: 190 | E44: הוצאה | F44: =IFERROR(VLOOKUP(C44,$C$9:H43,4,FALSE),"") | G44: =IFERROR(VLOOKUP(C44,$C$9:G43,5,FALSE),"") | H44: =IFERROR(VLOOKUP(C44,$C$9:H43,6,FALSE),"") | J44: 190 | K44: ₪ | L44: 7721 | N44: =IF(OR(F44=$P$1,F44="",F44=0),D44/$B$2,IF(OR(F44=$P$2,F44=$P$3,F44=$P$4),D44/(O44*P44),D44/O44)) -> #DIV/0! | O44: =IFERROR(VLOOKUP(F44,$P$1:$Q$4,2,0),F44) | P44: =IF(C44="",1,COUNTIFS($C$9:$C$1499,C44,$H$9:$H$1499,H44)) -> 1
A45: אשראי-1 | B45: 04/01/2026 | C45: דקטלון יישראל בעמ | D45: 59 | E45: הוצאה | F45: =IFERROR(VLOOKUP(C45,$C$9:H44,4,FALSE),"") | G45: ביגוד והנעלה | H45: ביגוד והנעלה - כללי | J45: 59 | K45: ₪ | L45: 7721 | N45: =IF(OR(F45=$P$1,F45="",F45=0),D45/$B$2,IF(OR(F45=$P$2,F45=$P$3,F45=$P$4),D45/(O45*P45),D45/O45)) -> #DIV/0! | O45: =IFERROR(VLOOKUP(F45,$P$1:$Q$4,2,0),F45) | P45: =IF(C45="",1,COUNTIFS($C$9:$C$1499,C45,$H$9:$H$1499,H45)) -> 1
A46: אשראי-2 | B46: 04/01/2026 | C46: NETFLIX.COM AMSTERDAM NL | D46: 32.9 | E46: הוצאה | F46: =IFERROR(VLOOKUP(C46,$C$9:H45,4,FALSE),"") | G46: תקשורת | H46: שירותי תוכן | I46: חיוב עסקת חו"ל בש"ח | J46: 32.9 | K46: ₪ | L46: 7721 | N46: =IF(OR(F46=$P$1,F46="",F46=0),D46/$B$2,IF(OR(F46=$P$2,F46=$P$3,F46=$P$4),D46/(O46*P46),D46/O46)) -> #DIV/0! | O46: =IFERROR(VLOOKUP(F46,$P$1:$Q$4,2,0),F46) | P46: =IF(C46="",1,COUNTIFS($C$9:$C$1499,C46,$H$9:$H$1499,H46)) -> 1
A47: בנק-11 | B47: 04/01/2026 | C47: bit העברת כסף | D47: 73 | E47: הכנסה | F47: =IFERROR(VLOOKUP(C47,$C$9:H46,4,FALSE),"") | G47: =IFERROR(VLOOKUP(C47,$C$9:G46,5,FALSE),"") | H47: =IFERROR(VLOOKUP(C47,$C$9:H46,6,FALSE),"") | I47: המבצע: מיטל לנקרי עבור: משיכה לחשבון בנק | J47: 0 | L47: 12-615-563159 | N47: =IF(OR(F47=$P$1,F47="",F47=0),D47/$B$2,IF(OR(F47=$P$2,F47=$P$3,F47=$P$4),D47/(O47*P47),D47/O47)) -> #DIV/0! | O47: =IFERROR(VLOOKUP(F47,$P$1:$Q$4,2,0),F47) | P47: =IF(C47="",1,COUNTIFS($C$9:$C$1499,C47,$H$9:$H$1499,H47)) -> 1
A48: בנק-11 | B48: 04/01/2026 | C48: רבית (תאריך ערך: 01/01) | D48: 54.71 | E48: הוצאה | F48: =IFERROR(VLOOKUP(C48,$C$9:H47,4,FALSE),"") | G48: =IFERROR(VLOOKUP(C48,$C$9:G47,5,FALSE),"") | H48: =IFERROR(VLOOKUP(C48,$C$9:H47,6,FALSE),"") | I48: כולל הטבת עו"ש מקזז בסך 52.44 ש"ח | J48: 0 | L48: 12-615-563159 | N48: =IF(OR(F48=$P$1,F48="",F48=0),D48/$B$2,IF(OR(F48=$P$2,F48=$P$3,F48=$P$4),D48/(O48*P48),D48/O48)) -> #DIV/0! | O48: =IFERROR(VLOOKUP(F48,$P$1:$Q$4,2,0),F48) | P48: =IF(C48="",1,COUNTIFS($C$9:$C$1499,C48,$H$9:$H$1499,H48)) -> 1
A49: אשראי-1 | B49: 05/01/2026 | C49: חברת פרטנר תקשורת בע"מ (ה | D49: 146.57 | E49: הוצאה | F49: =IFERROR(VLOOKUP(C49,$C$9:H48,4,FALSE),"") | G49: =IFERROR(VLOOKUP(C49,$C$9:G48,5,FALSE),"") | H49: =IFERROR(VLOOKUP(C49,$C$9:H48,6,FALSE),"") | I49: הוראת קבע | J49: 146.57 | K49: ₪ | L49: 7721 | N49: =IF(OR(F49=$P$1,F49="",F49=0),D49/$B$2,IF(OR(F49=$P$2,F49=$P$3,F49=$P$4),D49/(O49*P49),D49/O49)) -> #DIV/0! | O49: =IFERROR(VLOOKUP(F49,$P$1:$Q$4,2,0),F49) | P49: =IF(C49="",1,COUNTIFS($C$9:$C$1499,C49,$H$9:$H$1499,H49)) -> 1
A50: אשראי-1 | B50: 05/01/2026 | C50: מרקט בעיר מפגש השיח | D50: 2.9 | E50: הוצאה | F50: =IFERROR(VLOOKUP(C50,$C$9:H49,4,FALSE),"") | G50: =IFERROR(VLOOKUP(C50,$C$9:G49,5,FALSE),"") | H50: =IFERROR(VLOOKUP(C50,$C$9:H49,6,FALSE),"") | J50: 2.9 | K50: ₪ | L50: 7721 | N50: =IF(OR(F50=$P$1,F50="",F50=0),D50/$B$2,IF(OR(F50=$P$2,F50=$P$3,F50=$P$4),D50/(O50*P50),D50/O50)) -> #DIV/0! | O50: =IFERROR(VLOOKUP(F50,$P$1:$Q$4,2,0),F50) | P50: =IF(C50="",1,COUNTIFS($C$9:$C$1499,C50,$H$9:$H$1499,H50)) -> 1
A51: אשראי-1 | B51: 05/01/2026 | C51: WOLT | D51: 73.5 | E51: הוצאה | F51: =IFERROR(VLOOKUP(C51,$C$9:H50,4,FALSE),"") | G51: פנאי, בילוי ותחביבים | H51: מסעדה ואוכל בחוץ | J51: 73.5 | K51: ₪ | L51: 7721 | N51: =IF(OR(F51=$P$1,F51="",F51=0),D51/$B$2,IF(OR(F51=$P$2,F51=$P$3,F51=$P$4),D51/(O51*P51),D51/O51)) -> #DIV/0! | O51: =IFERROR(VLOOKUP(F51,$P$1:$Q$4,2,0),F51) | P51: =IF(C51="",1,COUNTIFS($C$9:$C$1499,C51,$H$9:$H$1499,H51)) -> 1
A52: בנק-11 | B52: 05/01/2026 | C52: bit העברת כסף | D52: 550 | E52: הכנסה | F52: =IFERROR(VLOOKUP(C52,$C$9:H51,4,FALSE),"") | G52: =IFERROR(VLOOKUP(C52,$C$9:G51,5,FALSE),"") | H52: =IFERROR(VLOOKUP(C52,$C$9:H51,6,FALSE),"") | I52: המבצע: מיטל לנקרי עבור: משיכה לחשבון בנק | J52: 0 | L52: 12-615-563159 | N52: =IF(OR(F52=$P$1,F52="",F52=0),D52/$B$2,IF(OR(F52=$P$2,F52=$P$3,F52=$P$4),D52/(O52*P52),D52/O52)) -> #DIV/0! | O52: =IFERROR(VLOOKUP(F52,$P$1:$Q$4,2,0),F52) | P52: =IF(C52="",1,COUNTIFS($C$9:$C$1499,C52,$H$9:$H$1499,H52)) -> 1
A53: אשראי-1 | B53: 06/01/2026 | C53: WOLT | D53: 65.1 | E53: הוצאה | F53: =IFERROR(VLOOKUP(C53,$C$9:H52,4,FALSE),"") | G53: פנאי, בילוי ותחביבים | H53: מסעדה ואוכל בחוץ | J53: 65.1 | K53: ₪ | L53: 7721 | N53: =IF(OR(F53=$P$1,F53="",F53=0),D53/$B$2,IF(OR(F53=$P$2,F53=$P$3,F53=$P$4),D53/(O53*P53),D53/O53)) -> #DIV/0! | O53: =IFERROR(VLOOKUP(F53,$P$1:$Q$4,2,0),F53) | P53: =IF(C53="",1,COUNTIFS($C$9:$C$1499,C53,$H$9:$H$1499,H53)) -> 1
A54: אשראי-1 | B54: 06/01/2026 | C54: WOLT | D54: 34.56 | E54: הוצאה | F54: =IFERROR(VLOOKUP(C54,$C$9:H53,4,FALSE),"") | G54: פנאי, בילוי ותחביבים | H54: מסעדה ואוכל בחוץ | J54: 34.56 | K54: ₪ | L54: 7721 | N54: =IF(OR(F54=$P$1,F54="",F54=0),D54/$B$2,IF(OR(F54=$P$2,F54=$P$3,F54=$P$4),D54/(O54*P54),D54/O54)) -> #DIV/0! | O54: =IFERROR(VLOOKUP(F54,$P$1:$Q$4,2,0),F54) | P54: =IF(C54="",1,COUNTIFS($C$9:$C$1499,C54,$H$9:$H$1499,H54)) -> 1
A55: אשראי-2 | B55: 06/01/2026 | C55: PAYPAL *TEMU 83121237 AU | D55: 141.33 | E55: הוצאה | F55: =IFERROR(VLOOKUP(C55,$C$9:H54,4,FALSE),"") | G55: =IFERROR(VLOOKUP(C55,$C$9:G54,5,FALSE),"") | H55: =IFERROR(VLOOKUP(C55,$C$9:H54,6,FALSE),"") | I55: חיוב עסקת חו"ל בש"ח | J55: 141.33 | K55: ₪ | L55: 7721 | N55: =IF(OR(F55=$P$1,F55="",F55=0),D55/$B$2,IF(OR(F55=$P$2,F55=$P$3,F55=$P$4),D55/(O55*P55),D55/O55)) -> #DIV/0! | O55: =IFERROR(VLOOKUP(F55,$P$1:$Q$4,2,0),F55) | P55: =IF(C55="",1,COUNTIFS($C$9:$C$1499,C55,$H$9:$H$1499,H55)) -> 1
A56: בנק-11 | B56: 06/01/2026 | C56: מקס איט פיננסי | D56: 32.9 | E56: הוצאה | F56: =IFERROR(VLOOKUP(C56,$C$9:H55,4,FALSE),"") | G56: לא לסיווג | H56: לא לסיווג | J56: 0 | L56: 12-615-563159 | N56: =IF(OR(F56=$P$1,F56="",F56=0),D56/$B$2,IF(OR(F56=$P$2,F56=$P$3,F56=$P$4),D56/(O56*P56),D56/O56)) -> #DIV/0! | O56: =IFERROR(VLOOKUP(F56,$P$1:$Q$4,2,0),F56) | P56: =IF(C56="",1,COUNTIFS($C$9:$C$1499,C56,$H$9:$H$1499,H56)) -> 1
A57: אשראי-1 | B57: 07/01/2026 | C57: סופר טוב והמיטיב גולומב | D57: 8.9 | E57: הוצאה | F57: =IFERROR(VLOOKUP(C57,$C$9:H56,4,FALSE),"") | G57: =IFERROR(VLOOKUP(C57,$C$9:G56,5,FALSE),"") | H57: =IFERROR(VLOOKUP(C57,$C$9:H56,6,FALSE),"") | J57: 8.9 | K57: ₪ | L57: 7721 | N57: =IF(OR(F57=$P$1,F57="",F57=0),D57/$B$2,IF(OR(F57=$P$2,F57=$P$3,F57=$P$4),D57/(O57*P57),D57/O57)) -> #DIV/0! | O57: =IFERROR(VLOOKUP(F57,$P$1:$Q$4,2,0),F57) | P57: =IF(C57="",1,COUNTIFS($C$9:$C$1499,C57,$H$9:$H$1499,H57)) -> 1
A58: אשראי-1 | B58: 07/01/2026 | C58: מאוחדת פארם אונליין | D58: 214.17 | E58: הוצאה | F58: =IFERROR(VLOOKUP(C58,$C$9:H57,4,FALSE),"") | G58: =IFERROR(VLOOKUP(C58,$C$9:G57,5,FALSE),"") | H58: =IFERROR(VLOOKUP(C58,$C$9:H57,6,FALSE),"") | J58: 214.17 | K58: ₪ | L58: 7721 | N58: =IF(OR(F58=$P$1,F58="",F58=0),D58/$B$2,IF(OR(F58=$P$2,F58=$P$3,F58=$P$4),D58/(O58*P58),D58/O58)) -> #DIV/0! | O58: =IFERROR(VLOOKUP(F58,$P$1:$Q$4,2,0),F58) | P58: =IF(C58="",1,COUNTIFS($C$9:$C$1499,C58,$H$9:$H$1499,H58)) -> 1
A59: אשראי-1 | B59: 07/01/2026 | C59: עירית רחובות אינטרנט | D59: 67.1 | E59: הוצאה | F59: =IFERROR(VLOOKUP(C59,$C$9:H58,4,FALSE),"") | G59: =IFERROR(VLOOKUP(C59,$C$9:G58,5,FALSE),"") | H59: =IFERROR(VLOOKUP(C59,$C$9:H58,6,FALSE),"") | J59: 67.1 | K59: ₪ | L59: 7721 | N59: =IF(OR(F59=$P$1,F59="",F59=0),D59/$B$2,IF(OR(F59=$P$2,F59=$P$3,F59=$P$4),D59/(O59*P59),D59/O59)) -> #DIV/0! | O59: =IFERROR(VLOOKUP(F59,$P$1:$Q$4,2,0),F59) | P59: =IF(C59="",1,COUNTIFS($C$9:$C$1499,C59,$H$9:$H$1499,H59)) -> 1
A60: אשראי-2 | B60: 07/01/2026 | C60: DISNEY PLUS LONDON GB | D60: 49.9 | E60: הוצאה | F60: =IFERROR(VLOOKUP(C60,$C$9:H59,4,FALSE),"") | G60: =IFERROR(VLOOKUP(C60,$C$9:G59,5,FALSE),"") | H60: =IFERROR(VLOOKUP(C60,$C$9:H59,6,FALSE),"") | I60: חיוב עסקת חו"ל בש"ח | J60: 49.9 | K60: ₪ | L60: 7721 | N60: =IF(OR(F60=$P$1,F60="",F60=0),D60/$B$2,IF(OR(F60=$P$2,F60=$P$3,F60=$P$4),D60/(O60*P60),D60/O60)) -> #DIV/0! | O60: =IFERROR(VLOOKUP(F60,$P$1:$Q$4,2,0),F60) | P60: =IF(C60="",1,COUNTIFS($C$9:$C$1499,C60,$H$9:$H$1499,H60)) -> 1
A61: אשראי-13 | B61: 07/01/2026 | C61: DISNEY PLUS LONDON GB | D61: -49.9 | E61: הוצאה | F61: =IFERROR(VLOOKUP(C61,$C$9:H60,4,FALSE),"") | G61: =IFERROR(VLOOKUP(C61,$C$9:G60,5,FALSE),"") | H61: =IFERROR(VLOOKUP(C61,$C$9:H60,6,FALSE),"") | I61: ביטול עסקה | J61: 49.9 | K61: ₪ | L61: 7721 | N61: =IF(OR(F61=$P$1,F61="",F61=0),D61/$B$2,IF(OR(F61=$P$2,F61=$P$3,F61=$P$4),D61/(O61*P61),D61/O61)) -> #DIV/0! | O61: =IFERROR(VLOOKUP(F61,$P$1:$Q$4,2,0),F61) | P61: =IF(C61="",1,COUNTIFS($C$9:$C$1499,C61,$H$9:$H$1499,H61)) -> 1
A62: אשראי-1 | B62: 08/01/2026 | C62: פרי טיוי | D62: 39.9 | E62: הוצאה | F62: =IFERROR(VLOOKUP(C62,$C$9:H61,4,FALSE),"") | G62: =IFERROR(VLOOKUP(C62,$C$9:G61,5,FALSE),"") | H62: =IFERROR(VLOOKUP(C62,$C$9:H61,6,FALSE),"") | I62: הוראת קבע | J62: 39.9 | K62: ₪ | L62: 7721 | N62: =IF(OR(F62=$P$1,F62="",F62=0),D62/$B$2,IF(OR(F62=$P$2,F62=$P$3,F62=$P$4),D62/(O62*P62),D62/O62)) -> #DIV/0! | O62: =IFERROR(VLOOKUP(F62,$P$1:$Q$4,2,0),F62) | P62: =IF(C62="",1,COUNTIFS($C$9:$C$1499,C62,$H$9:$H$1499,H62)) -> 1
A63: אשראי-1 | B63: 08/01/2026 | C63: תאיו | D63: 193 | E63: הוצאה | F63: =IFERROR(VLOOKUP(C63,$C$9:H62,4,FALSE),"") | G63: =IFERROR(VLOOKUP(C63,$C$9:G62,5,FALSE),"") | H63: =IFERROR(VLOOKUP(C63,$C$9:H62,6,FALSE),"") | J63: 193 | K63: ₪ | L63: 7721 | N63: =IF(OR(F63=$P$1,F63="",F63=0),D63/$B$2,IF(OR(F63=$P$2,F63=$P$3,F63=$P$4),D63/(O63*P63),D63/O63)) -> #DIV/0! | O63: =IFERROR(VLOOKUP(F63,$P$1:$Q$4,2,0),F63) | P63: =IF(C63="",1,COUNTIFS($C$9:$C$1499,C63,$H$9:$H$1499,H63)) -> 1
A64: אשראי-1 | B64: 08/01/2026 | C64: חברת החשמל לישראל בע"מ | D64: 331.8 | E64: הוצאה | F64: =IFERROR(VLOOKUP(C64,$C$9:H63,4,FALSE),"") | G64: אחזקת בית | H64: חשמל | J64: 331.8 | K64: ₪ | L64: 7721 | N64: =IF(OR(F64=$P$1,F64="",F64=0),D64/$B$2,IF(OR(F64=$P$2,F64=$P$3,F64=$P$4),D64/(O64*P64),D64/O64)) -> #DIV/0! | O64: =IFERROR(VLOOKUP(F64,$P$1:$Q$4,2,0),F64) | P64: =IF(C64="",1,COUNTIFS($C$9:$C$1499,C64,$H$9:$H$1499,H64)) -> 1
A65: אשראי-1 | B65: 08/01/2026 | C65: WOLT | D65: 87.15 | E65: הוצאה | F65: =IFERROR(VLOOKUP(C65,$C$9:H64,4,FALSE),"") | G65: פנאי, בילוי ותחביבים | H65: מסעדה ואוכל בחוץ | J65: 87.15 | K65: ₪ | L65: 7721 | N65: =IF(OR(F65=$P$1,F65="",F65=0),D65/$B$2,IF(OR(F65=$P$2,F65=$P$3,F65=$P$4),D65/(O65*P65),D65/O65)) -> #DIV/0! | O65: =IFERROR(VLOOKUP(F65,$P$1:$Q$4,2,0),F65) | P65: =IF(C65="",1,COUNTIFS($C$9:$C$1499,C65,$H$9:$H$1499,H65)) -> 1
A66: אשראי-1 | B66: 08/01/2026 | C66: WOLT | D66: 57.88 | E66: הוצאה | F66: =IFERROR(VLOOKUP(C66,$C$9:H65,4,FALSE),"") | G66: פנאי, בילוי ותחביבים | H66: מסעדה ואוכל בחוץ | J66: 57.88 | K66: ₪ | L66: 7721 | N66: =IF(OR(F66=$P$1,F66="",F66=0),D66/$B$2,IF(OR(F66=$P$2,F66=$P$3,F66=$P$4),D66/(O66*P66),D66/O66)) -> #DIV/0! | O66: =IFERROR(VLOOKUP(F66,$P$1:$Q$4,2,0),F66) | P66: =IF(C66="",1,COUNTIFS($C$9:$C$1499,C66,$H$9:$H$1499,H66)) -> 1
A67: אשראי-1 | B67: 09/01/2026 | C67: הטבות פיס | D67: 20 | E67: הוצאה | F67: =IFERROR(VLOOKUP(C67,$C$9:H66,4,FALSE),"") | G67: =IFERROR(VLOOKUP(C67,$C$9:G66,5,FALSE),"") | H67: =IFERROR(VLOOKUP(C67,$C$9:H66,6,FALSE),"") | J67: 20 | K67: ₪ | L67: 7721 | N67: =IF(OR(F67=$P$1,F67="",F67=0),D67/$B$2,IF(OR(F67=$P$2,F67=$P$3,F67=$P$4),D67/(O67*P67),D67/O67)) -> #DIV/0! | O67: =IFERROR(VLOOKUP(F67,$P$1:$Q$4,2,0),F67) | P67: =IF(C67="",1,COUNTIFS($C$9:$C$1499,C67,$H$9:$H$1499,H67)) -> 1
A68: אשראי-1 | B68: 09/01/2026 | C68: WOLT | D68: 69.6 | E68: הוצאה | F68: =IFERROR(VLOOKUP(C68,$C$9:H67,4,FALSE),"") | G68: פנאי, בילוי ותחביבים | H68: מסעדה ואוכל בחוץ | J68: 69.6 | K68: ₪ | L68: 7721 | N68: =IF(OR(F68=$P$1,F68="",F68=0),D68/$B$2,IF(OR(F68=$P$2,F68=$P$3,F68=$P$4),D68/(O68*P68),D68/O68)) -> #DIV/0! | O68: =IFERROR(VLOOKUP(F68,$P$1:$Q$4,2,0),F68) | P68: =IF(C68="",1,COUNTIFS($C$9:$C$1499,C68,$H$9:$H$1499,H68)) -> 1
A69: אשראי-1 | B69: 09/01/2026 | C69: WOLT | D69: 5 | E69: הוצאה | F69: =IFERROR(VLOOKUP(C69,$C$9:H68,4,FALSE),"") | G69: פנאי, בילוי ותחביבים | H69: מסעדה ואוכל בחוץ | J69: 5 | K69: ₪ | L69: 7721 | N69: =IF(OR(F69=$P$1,F69="",F69=0),D69/$B$2,IF(OR(F69=$P$2,F69=$P$3,F69=$P$4),D69/(O69*P69),D69/O69)) -> #DIV/0! | O69: =IFERROR(VLOOKUP(F69,$P$1:$Q$4,2,0),F69) | P69: =IF(C69="",1,COUNTIFS($C$9:$C$1499,C69,$H$9:$H$1499,H69)) -> 1
A70: בנק-11 | B70: 09/01/2026 | C70: מקס איט פיננסי | D70: 49.9 | E70: הוצאה | F70: =IFERROR(VLOOKUP(C70,$C$9:H69,4,FALSE),"") | G70: לא לסיווג | H70: לא לסיווג | J70: 0 | L70: 12-615-563159 | N70: =IF(OR(F70=$P$1,F70="",F70=0),D70/$B$2,IF(OR(F70=$P$2,F70=$P$3,F70=$P$4),D70/(O70*P70),D70/O70)) -> #DIV/0! | O70: =IFERROR(VLOOKUP(F70,$P$1:$Q$4,2,0),F70) | P70: =IF(C70="",1,COUNTIFS($C$9:$C$1499,C70,$H$9:$H$1499,H70)) -> 1
A71: אשראי-1 | B71: 10/01/2026 | C71: ביחד בשבילך | D71: 28 | E71: הוצאה | F71: =IFERROR(VLOOKUP(C71,$C$9:H70,4,FALSE),"") | G71: =IFERROR(VLOOKUP(C71,$C$9:G70,5,FALSE),"") | H71: =IFERROR(VLOOKUP(C71,$C$9:H70,6,FALSE),"") | J71: 28 | K71: ₪ | L71: 7721 | N71: =IF(OR(F71=$P$1,F71="",F71=0),D71/$B$2,IF(OR(F71=$P$2,F71=$P$3,F71=$P$4),D71/(O71*P71),D71/O71)) -> #DIV/0! | O71: =IFERROR(VLOOKUP(F71,$P$1:$Q$4,2,0),F71) | P71: =IF(C71="",1,COUNTIFS($C$9:$C$1499,C71,$H$9:$H$1499,H71)) -> 1
A72: אשראי-1 | B72: 10/01/2026 | C72: תיאטרון הילדים הישראלי | D72: 180 | E72: הוצאה | F72: =IFERROR(VLOOKUP(C72,$C$9:H71,4,FALSE),"") | G72: =IFERROR(VLOOKUP(C72,$C$9:G71,5,FALSE),"") | H72: =IFERROR(VLOOKUP(C72,$C$9:H71,6,FALSE),"") | J72: 180 | K72: ₪ | L72: 7721 | N72: =IF(OR(F72=$P$1,F72="",F72=0),D72/$B$2,IF(OR(F72=$P$2,F72=$P$3,F72=$P$4),D72/(O72*P72),D72/O72)) -> #DIV/0! | O72: =IFERROR(VLOOKUP(F72,$P$1:$Q$4,2,0),F72) | P72: =IF(C72="",1,COUNTIFS($C$9:$C$1499,C72,$H$9:$H$1499,H72)) -> 1
A73: אשראי-1 | B73: 10/01/2026 | C73: WOLT | D73: 68.25 | E73: הוצאה | F73: =IFERROR(VLOOKUP(C73,$C$9:H72,4,FALSE),"") | G73: פנאי, בילוי ותחביבים | H73: מסעדה ואוכל בחוץ | J73: 68.25 | K73: ₪ | L73: 7721 | N73: =IF(OR(F73=$P$1,F73="",F73=0),D73/$B$2,IF(OR(F73=$P$2,F73=$P$3,F73=$P$4),D73/(O73*P73),D73/O73)) -> #DIV/0! | O73: =IFERROR(VLOOKUP(F73,$P$1:$Q$4,2,0),F73) | P73: =IF(C73="",1,COUNTIFS($C$9:$C$1499,C73,$H$9:$H$1499,H73)) -> 1
A74: אשראי-1 | B74: 10/01/2026 | C74: WOLT | D74: 162.9 | E74: הוצאה | F74: =IFERROR(VLOOKUP(C74,$C$9:H73,4,FALSE),"") | G74: פנאי, בילוי ותחביבים | H74: מסעדה ואוכל בחוץ | J74: 162.9 | K74: ₪ | L74: 7721 | N74: =IF(OR(F74=$P$1,F74="",F74=0),D74/$B$2,IF(OR(F74=$P$2,F74=$P$3,F74=$P$4),D74/(O74*P74),D74/O74)) -> #DIV/0! | O74: =IFERROR(VLOOKUP(F74,$P$1:$Q$4,2,0),F74) | P74: =IF(C74="",1,COUNTIFS($C$9:$C$1499,C74,$H$9:$H$1499,H74)) -> 1
A75: אשראי-1 | B75: 10/01/2026 | C75: WOLT | D75: 122.2 | E75: הוצאה | F75: =IFERROR(VLOOKUP(C75,$C$9:H74,4,FALSE),"") | G75: פנאי, בילוי ותחביבים | H75: מסעדה ואוכל בחוץ | J75: 122.2 | K75: ₪ | L75: 7721 | N75: =IF(OR(F75=$P$1,F75="",F75=0),D75/$B$2,IF(OR(F75=$P$2,F75=$P$3,F75=$P$4),D75/(O75*P75),D75/O75)) -> #DIV/0! | O75: =IFERROR(VLOOKUP(F75,$P$1:$Q$4,2,0),F75) | P75: =IF(C75="",1,COUNTIFS($C$9:$C$1499,C75,$H$9:$H$1499,H75)) -> 1
A76: אשראי-1 | B76: 11/01/2026 | C76: WOLT | D76: 72.45 | E76: הוצאה | F76: =IFERROR(VLOOKUP(C76,$C$9:H75,4,FALSE),"") | G76: פנאי, בילוי ותחביבים | H76: מסעדה ואוכל בחוץ | J76: 72.45 | K76: ₪ | L76: 7721 | N76: =IF(OR(F76=$P$1,F76="",F76=0),D76/$B$2,IF(OR(F76=$P$2,F76=$P$3,F76=$P$4),D76/(O76*P76),D76/O76)) -> #DIV/0! | O76: =IFERROR(VLOOKUP(F76,$P$1:$Q$4,2,0),F76) | P76: =IF(C76="",1,COUNTIFS($C$9:$C$1499,C76,$H$9:$H$1499,H76)) -> 1
A77: אשראי-1 | B77: 11/01/2026 | C77: WOLT | D77: 79.97 | E77: הוצאה | F77: =IFERROR(VLOOKUP(C77,$C$9:H76,4,FALSE),"") | G77: פנאי, בילוי ותחביבים | H77: מסעדה ואוכל בחוץ | J77: 79.97 | K77: ₪ | L77: 7721 | N77: =IF(OR(F77=$P$1,F77="",F77=0),D77/$B$2,IF(OR(F77=$P$2,F77=$P$3,F77=$P$4),D77/(O77*P77),D77/O77)) -> #DIV/0! | O77: =IFERROR(VLOOKUP(F77,$P$1:$Q$4,2,0),F77) | P77: =IF(C77="",1,COUNTIFS($C$9:$C$1499,C77,$H$9:$H$1499,H77)) -> 1
A78: אשראי-1 | B78: 11/01/2026 | C78: קפה עלית און ליין | D78: 25.5 | E78: הוצאה | F78: =IFERROR(VLOOKUP(C78,$C$9:H77,4,FALSE),"") | G78: פנאי, בילוי ותחביבים | H78: מסעדה ואוכל בחוץ | J78: 25.5 | K78: ₪ | L78: 7721 | N78: =IF(OR(F78=$P$1,F78="",F78=0),D78/$B$2,IF(OR(F78=$P$2,F78=$P$3,F78=$P$4),D78/(O78*P78),D78/O78)) -> #DIV/0! | O78: =IFERROR(VLOOKUP(F78,$P$1:$Q$4,2,0),F78) | P78: =IF(C78="",1,COUNTIFS($C$9:$C$1499,C78,$H$9:$H$1499,H78)) -> 1
A79: בנק-11 | B79: 11/01/2026 | C79: עוגן הקרן להלו | D79: 416 | E79: הוצאה | F79: =IFERROR(VLOOKUP(C79,$C$9:H78,4,FALSE),"") | G79: =IFERROR(VLOOKUP(C79,$C$9:G78,5,FALSE),"") | H79: =IFERROR(VLOOKUP(C79,$C$9:H78,6,FALSE),"") | I79: עבור: לנקרי מיטל מזהה 035929330 | J79: 0 | L79: 12-615-563159 | N79: =IF(OR(F79=$P$1,F79="",F79=0),D79/$B$2,IF(OR(F79=$P$2,F79=$P$3,F79=$P$4),D79/(O79*P79),D79/O79)) -> #DIV/0! | O79: =IFERROR(VLOOKUP(F79,$P$1:$Q$4,2,0),F79) | P79: =IF(C79="",1,COUNTIFS($C$9:$C$1499,C79,$H$9:$H$1499,H79)) -> 1
A80: בנק-11 | B80: 11/01/2026 | C80: מקס איט פיננסי | D80: 141.33 | E80: הוצאה | F80: =IFERROR(VLOOKUP(C80,$C$9:H79,4,FALSE),"") | G80: לא לסיווג | H80: לא לסיווג | J80: 0 | L80: 12-615-563159 | N80: =IF(OR(F80=$P$1,F80="",F80=0),D80/$B$2,IF(OR(F80=$P$2,F80=$P$3,F80=$P$4),D80/(O80*P80),D80/O80)) -> #DIV/0! | O80: =IFERROR(VLOOKUP(F80,$P$1:$Q$4,2,0),F80) | P80: =IF(C80="",1,COUNTIFS($C$9:$C$1499,C80,$H$9:$H$1499,H80)) -> 1
A81: בנק-11 | B81: 11/01/2026 | C81: הוראת-קבע (תאריך ערך: 09/01) | D81: 700 | E81: הכנסה | F81: =IFERROR(VLOOKUP(C81,$C$9:H80,4,FALSE),"") | G81: =IFERROR(VLOOKUP(C81,$C$9:G80,5,FALSE),"") | H81: =IFERROR(VLOOKUP(C81,$C$9:H80,6,FALSE),"") | I81: המבצע: לנקרי בני עבור: 12-544-050322 | J81: 0 | L81: 12-615-563159 | N81: =IF(OR(F81=$P$1,F81="",F81=0),D81/$B$2,IF(OR(F81=$P$2,F81=$P$3,F81=$P$4),D81/(O81*P81),D81/O81)) -> #DIV/0! | O81: =IFERROR(VLOOKUP(F81,$P$1:$Q$4,2,0),F81) | P81: =IF(C81="",1,COUNTIFS($C$9:$C$1499,C81,$H$9:$H$1499,H81)) -> 1
A82: אשראי-1 | B82: 12/01/2026 | C82: רולדין | D82: 22.5 | E82: הוצאה | F82: =IFERROR(VLOOKUP(C82,$C$9:H81,4,FALSE),"") | G82: פנאי, בילוי ותחביבים | H82: מסעדה ואוכל בחוץ | J82: 22.5 | K82: ₪ | L82: 7721 | N82: =IF(OR(F82=$P$1,F82="",F82=0),D82/$B$2,IF(OR(F82=$P$2,F82=$P$3,F82=$P$4),D82/(O82*P82),D82/O82)) -> #DIV/0! | O82: =IFERROR(VLOOKUP(F82,$P$1:$Q$4,2,0),F82) | P82: =IF(C82="",1,COUNTIFS($C$9:$C$1499,C82,$H$9:$H$1499,H82)) -> 1
A83: אשראי-1 | B83: 12/01/2026 | C83: סופר-פארם מרכז הנשיא רחוב | D83: 24.9 | E83: הוצאה | F83: =IFERROR(VLOOKUP(C83,$C$9:H82,4,FALSE),"") | G83: מזון ופארמה | H83: פארמה וטואלטיקה | J83: 24.9 | K83: ₪ | L83: 7721 | N83: =IF(OR(F83=$P$1,F83="",F83=0),D83/$B$2,IF(OR(F83=$P$2,F83=$P$3,F83=$P$4),D83/(O83*P83),D83/O83)) -> #DIV/0! | O83: =IFERROR(VLOOKUP(F83,$P$1:$Q$4,2,0),F83) | P83: =IF(C83="",1,COUNTIFS($C$9:$C$1499,C83,$H$9:$H$1499,H83)) -> 1
A84: אשראי-1 | B84: 12/01/2026 | C84: WOLT | D84: 72.45 | E84: הוצאה | F84: =IFERROR(VLOOKUP(C84,$C$9:H83,4,FALSE),"") | G84: פנאי, בילוי ותחביבים | H84: מסעדה ואוכל בחוץ | J84: 72.45 | K84: ₪ | L84: 7721 | N84: =IF(OR(F84=$P$1,F84="",F84=0),D84/$B$2,IF(OR(F84=$P$2,F84=$P$3,F84=$P$4),D84/(O84*P84),D84/O84)) -> #DIV/0! | O84: =IFERROR(VLOOKUP(F84,$P$1:$Q$4,2,0),F84) | P84: =IF(C84="",1,COUNTIFS($C$9:$C$1499,C84,$H$9:$H$1499,H84)) -> 1
A85: אשראי-2 | B85: 12/01/2026 | C85: DATENIGHT* CORONACRSH DATENIGHT.AI US | D85: 50 | E85: הוצאה | F85: =IFERROR(VLOOKUP(C85,$C$9:H84,4,FALSE),"") | G85: =IFERROR(VLOOKUP(C85,$C$9:G84,5,FALSE),"") | H85: =IFERROR(VLOOKUP(C85,$C$9:H84,6,FALSE),"") | I85: חיוב עסקת חו"ל בש"ח | J85: 50 | K85: ₪ | L85: 7721 | N85: =IF(OR(F85=$P$1,F85="",F85=0),D85/$B$2,IF(OR(F85=$P$2,F85=$P$3,F85=$P$4),D85/(O85*P85),D85/O85)) -> #DIV/0! | O85: =IFERROR(VLOOKUP(F85,$P$1:$Q$4,2,0),F85) | P85: =IF(C85="",1,COUNTIFS($C$9:$C$1499,C85,$H$9:$H$1499,H85)) -> 1
A86: בנק-11 | B86: 12/01/2026 | C86: בטוח לאומי חד | D86: 1749 | E86: הכנסה | F86: =IFERROR(VLOOKUP(C86,$C$9:H85,4,FALSE),"") | G86: =IFERROR(VLOOKUP(C86,$C$9:G85,5,FALSE),"") | H86: =IFERROR(VLOOKUP(C86,$C$9:H85,6,FALSE),"") | I86: עבור: לנקרי מיטל מזהה 035929330 | J86: 0 | L86: 12-615-563159 | N86: =IF(OR(F86=$P$1,F86="",F86=0),D86/$B$2,IF(OR(F86=$P$2,F86=$P$3,F86=$P$4),D86/(O86*P86),D86/O86)) -> #DIV/0! | O86: =IFERROR(VLOOKUP(F86,$P$1:$Q$4,2,0),F86) | P86: =IF(C86="",1,COUNTIFS($C$9:$C$1499,C86,$H$9:$H$1499,H86)) -> 1
A87: בנק-11 | B87: 12/01/2026 | C87: בטוח לאומי חד | D87: 120 | E87: הכנסה | F87: =IFERROR(VLOOKUP(C87,$C$9:H86,4,FALSE),"") | G87: =IFERROR(VLOOKUP(C87,$C$9:G86,5,FALSE),"") | H87: =IFERROR(VLOOKUP(C87,$C$9:H86,6,FALSE),"") | I87: עבור: לנקרי מיטל מזהה 035929330 | J87: 0 | L87: 12-615-563159 | N87: =IF(OR(F87=$P$1,F87="",F87=0),D87/$B$2,IF(OR(F87=$P$2,F87=$P$3,F87=$P$4),D87/(O87*P87),D87/O87)) -> #DIV/0! | O87: =IFERROR(VLOOKUP(F87,$P$1:$Q$4,2,0),F87) | P87: =IF(C87="",1,COUNTIFS($C$9:$C$1499,C87,$H$9:$H$1499,H87)) -> 1
A88: אשראי-1 | B88: 13/01/2026 | C88: WOLT | D88: 68.25 | E88: הוצאה | F88: =IFERROR(VLOOKUP(C88,$C$9:H87,4,FALSE),"") | G88: פנאי, בילוי ותחביבים | H88: מסעדה ואוכל בחוץ | J88: 68.25 | K88: ₪ | L88: 7721 | N88: =IF(OR(F88=$P$1,F88="",F88=0),D88/$B$2,IF(OR(F88=$P$2,F88=$P$3,F88=$P$4),D88/(O88*P88),D88/O88)) -> #DIV/0! | O88: =IFERROR(VLOOKUP(F88,$P$1:$Q$4,2,0),F88) | P88: =IF(C88="",1,COUNTIFS($C$9:$C$1499,C88,$H$9:$H$1499,H88)) -> 1
A89: אשראי-1 | B89: 13/01/2026 | C89: WOLT | D89: 154.7 | E89: הוצאה | F89: =IFERROR(VLOOKUP(C89,$C$9:H88,4,FALSE),"") | G89: פנאי, בילוי ותחביבים | H89: מסעדה ואוכל בחוץ | J89: 154.7 | K89: ₪ | L89: 7721 | N89: =IF(OR(F89=$P$1,F89="",F89=0),D89/$B$2,IF(OR(F89=$P$2,F89=$P$3,F89=$P$4),D89/(O89*P89),D89/O89)) -> #DIV/0! | O89: =IFERROR(VLOOKUP(F89,$P$1:$Q$4,2,0),F89) | P89: =IF(C89="",1,COUNTIFS($C$9:$C$1499,C89,$H$9:$H$1499,H89)) -> 1
A90: אשראי-1 | B90: 13/01/2026 | C90: הבאר השלישית. | D90: 78.07 | E90: הוצאה | F90: =IFERROR(VLOOKUP(C90,$C$9:H89,4,FALSE),"") | G90: =IFERROR(VLOOKUP(C90,$C$9:G89,5,FALSE),"") | H90: =IFERROR(VLOOKUP(C90,$C$9:H89,6,FALSE),"") | J90: 78.07 | K90: ₪ | L90: 7721 | N90: =IF(OR(F90=$P$1,F90="",F90=0),D90/$B$2,IF(OR(F90=$P$2,F90=$P$3,F90=$P$4),D90/(O90*P90),D90/O90)) -> #DIV/0! | O90: =IFERROR(VLOOKUP(F90,$P$1:$Q$4,2,0),F90) | P90: =IF(C90="",1,COUNTIFS($C$9:$C$1499,C90,$H$9:$H$1499,H90)) -> 1
A91: אשראי-1 | B91: 13/01/2026 | C91: פיס פלוס -תו נטען | D91: 90 | E91: הוצאה | F91: =IFERROR(VLOOKUP(C91,$C$9:H90,4,FALSE),"") | G91: =IFERROR(VLOOKUP(C91,$C$9:G90,5,FALSE),"") | H91: =IFERROR(VLOOKUP(C91,$C$9:H90,6,FALSE),"") | J91: 90 | K91: ₪ | L91: 7721 | N91: =IF(OR(F91=$P$1,F91="",F91=0),D91/$B$2,IF(OR(F91=$P$2,F91=$P$3,F91=$P$4),D91/(O91*P91),D91/O91)) -> #DIV/0! | O91: =IFERROR(VLOOKUP(F91,$P$1:$Q$4,2,0),F91) | P91: =IF(C91="",1,COUNTIFS($C$9:$C$1499,C91,$H$9:$H$1499,H91)) -> 1
A92: אשראי-1 | B92: 14/01/2026 | C92: סופר טוב והמיטיב גולומב | D92: 14 | E92: הוצאה | F92: =IFERROR(VLOOKUP(C92,$C$9:H91,4,FALSE),"") | G92: =IFERROR(VLOOKUP(C92,$C$9:G91,5,FALSE),"") | H92: =IFERROR(VLOOKUP(C92,$C$9:H91,6,FALSE),"") | J92: 14 | K92: ₪ | L92: 7721 | N92: =IF(OR(F92=$P$1,F92="",F92=0),D92/$B$2,IF(OR(F92=$P$2,F92=$P$3,F92=$P$4),D92/(O92*P92),D92/O92)) -> #DIV/0! | O92: =IFERROR(VLOOKUP(F92,$P$1:$Q$4,2,0),F92) | P92: =IF(C92="",1,COUNTIFS($C$9:$C$1499,C92,$H$9:$H$1499,H92)) -> 1
A93: אשראי-1 | B93: 14/01/2026 | C93: ביהס בגין | D93: 124 | E93: הוצאה | F93: =IFERROR(VLOOKUP(C93,$C$9:H92,4,FALSE),"") | G93: =IFERROR(VLOOKUP(C93,$C$9:G92,5,FALSE),"") | H93: =IFERROR(VLOOKUP(C93,$C$9:H92,6,FALSE),"") | J93: 124 | K93: ₪ | L93: 7721 | N93: =IF(OR(F93=$P$1,F93="",F93=0),D93/$B$2,IF(OR(F93=$P$2,F93=$P$3,F93=$P$4),D93/(O93*P93),D93/O93)) -> #DIV/0! | O93: =IFERROR(VLOOKUP(F93,$P$1:$Q$4,2,0),F93) | P93: =IF(C93="",1,COUNTIFS($C$9:$C$1499,C93,$H$9:$H$1499,H93)) -> 1
A94: אשראי-1 | B94: 14/01/2026 | C94: WOLT | D94: 48.45 | E94: הוצאה | F94: =IFERROR(VLOOKUP(C94,$C$9:H93,4,FALSE),"") | G94: פנאי, בילוי ותחביבים | H94: מסעדה ואוכל בחוץ | J94: 48.45 | K94: ₪ | L94: 7721 | N94: =IF(OR(F94=$P$1,F94="",F94=0),D94/$B$2,IF(OR(F94=$P$2,F94=$P$3,F94=$P$4),D94/(O94*P94),D94/O94)) -> #DIV/0! | O94: =IFERROR(VLOOKUP(F94,$P$1:$Q$4,2,0),F94) | P94: =IF(C94="",1,COUNTIFS($C$9:$C$1499,C94,$H$9:$H$1499,H94)) -> 1
A95: אשראי-1 | B95: 14/01/2026 | C95: WOLT | D95: 100.8 | E95: הוצאה | F95: =IFERROR(VLOOKUP(C95,$C$9:H94,4,FALSE),"") | G95: פנאי, בילוי ותחביבים | H95: מסעדה ואוכל בחוץ | J95: 100.8 | K95: ₪ | L95: 7721 | N95: =IF(OR(F95=$P$1,F95="",F95=0),D95/$B$2,IF(OR(F95=$P$2,F95=$P$3,F95=$P$4),D95/(O95*P95),D95/O95)) -> #DIV/0! | O95: =IFERROR(VLOOKUP(F95,$P$1:$Q$4,2,0),F95) | P95: =IF(C95="",1,COUNTIFS($C$9:$C$1499,C95,$H$9:$H$1499,H95)) -> 1
A96: אשראי-1 | B96: 14/01/2026 | C96: WOLT | D96: 48 | E96: הוצאה | F96: =IFERROR(VLOOKUP(C96,$C$9:H95,4,FALSE),"") | G96: פנאי, בילוי ותחביבים | H96: מסעדה ואוכל בחוץ | J96: 48 | K96: ₪ | L96: 7721 | N96: =IF(OR(F96=$P$1,F96="",F96=0),D96/$B$2,IF(OR(F96=$P$2,F96=$P$3,F96=$P$4),D96/(O96*P96),D96/O96)) -> #DIV/0! | O96: =IFERROR(VLOOKUP(F96,$P$1:$Q$4,2,0),F96) | P96: =IF(C96="",1,COUNTIFS($C$9:$C$1499,C96,$H$9:$H$1499,H96)) -> 1
A97: אשראי-1 | B97: 14/01/2026 | C97: הטבות פיס | D97: 20 | E97: הוצאה | F97: =IFERROR(VLOOKUP(C97,$C$9:H96,4,FALSE),"") | G97: =IFERROR(VLOOKUP(C97,$C$9:G96,5,FALSE),"") | H97: =IFERROR(VLOOKUP(C97,$C$9:H96,6,FALSE),"") | J97: 20 | K97: ₪ | L97: 7721 | N97: =IF(OR(F97=$P$1,F97="",F97=0),D97/$B$2,IF(OR(F97=$P$2,F97=$P$3,F97=$P$4),D97/(O97*P97),D97/O97)) -> #DIV/0! | O97: =IFERROR(VLOOKUP(F97,$P$1:$Q$4,2,0),F97) | P97: =IF(C97="",1,COUNTIFS($C$9:$C$1499,C97,$H$9:$H$1499,H97)) -> 1
A98: אשראי-3 | B98: 14/01/2026 | C98: כספומט הטוב והמ רחובות | D98: 207.9 | E98: הוצאה | F98: =IFERROR(VLOOKUP(C98,$C$9:H97,4,FALSE),"") | G98: =IFERROR(VLOOKUP(C98,$C$9:G97,5,FALSE),"") | H98: =IFERROR(VLOOKUP(C98,$C$9:H97,6,FALSE),"") | J98: 207.9 | K98: ₪ | L98: 7721 | N98: =IF(OR(F98=$P$1,F98="",F98=0),D98/$B$2,IF(OR(F98=$P$2,F98=$P$3,F98=$P$4),D98/(O98*P98),D98/O98)) -> #DIV/0! | O98: =IFERROR(VLOOKUP(F98,$P$1:$Q$4,2,0),F98) | P98: =IF(C98="",1,COUNTIFS($C$9:$C$1499,C98,$H$9:$H$1499,H98)) -> 1
A99: בנק-11 | B99: 14/01/2026 | C99: מקס איט פיננסי | D99: 50 | E99: הוצאה | F99: =IFERROR(VLOOKUP(C99,$C$9:H98,4,FALSE),"") | G99: לא לסיווג | H99: לא לסיווג | J99: 0 | L99: 12-615-563159 | N99: =IF(OR(F99=$P$1,F99="",F99=0),D99/$B$2,IF(OR(F99=$P$2,F99=$P$3,F99=$P$4),D99/(O99*P99),D99/O99)) -> #DIV/0! | O99: =IFERROR(VLOOKUP(F99,$P$1:$Q$4,2,0),F99) | P99: =IF(C99="",1,COUNTIFS($C$9:$C$1499,C99,$H$9:$H$1499,H99)) -> 1
A100: אשראי-1 | B100: 15/01/2026 | C100: מ.מ.גדרה - קנסות | D100: 250 | E100: הוצאה | F100: =IFERROR(VLOOKUP(C100,$C$9:H99,4,FALSE),"") | G100: =IFERROR(VLOOKUP(C100,$C$9:G99,5,FALSE),"") | H100: =IFERROR(VLOOKUP(C100,$C$9:H99,6,FALSE),"") | J100: 250 | K100: ₪ | L100: 7721 | N100: =IF(OR(F100=$P$1,F100="",F100=0),D100/$B$2,IF(OR(F100=$P$2,F100=$P$3,F100=$P$4),D100/(O100*P100),D100/O100)) -> #DIV/0! | O100: =IFERROR(VLOOKUP(F100,$P$1:$Q$4,2,0),F100) | P100: =IF(C100="",1,COUNTIFS($C$9:$C$1499,C100,$H$9:$H$1499,H100)) -> 1
...

Sheet שלב ג - תוצאות השיקוף
A2: סה"כ הוצאות | B2: =SUM(B4,B25,B46,B67,B88,B109,B130,B151,B172,B193,B214,B235,B256,B277,B298,B319) -> 0 | D2: סה"כ הכנסות | E2: =SUM(E4,E25,E46) -> 0 | G2: הפרש | H2: =E2-B2 -> 0
A4: ='רשימת הסעיפים'!A1 -> מזון ופארמה | B4: =SUM(B5:B24) -> 0 | D4: ='רשימת הסעיפים'!Q1 -> שכר | E4: =SUM(E5:E24) -> 0
A5: ='רשימת הסעיפים'!A2 -> מזון | B5: =IF(A5<>0,SUMIF('שלב ב - סיווג תנועות'!$H$9:$H$1499,A5,'שלב ב - סיווג תנועות'!$N$9:$N$1499),0) -> 0 | D5: ='רשימת הסעיפים'!Q2 -> שכר עבודה 1 | E5: =IF(D5<>0,SUMIF('שלב ב - סיווג תנועות'!$H$9:$H$1499,D5,'שלב ב - סיווג תנועות'!$N$9:$N$1499),0) -> 0
A6: ='רשימת הסעיפים'!A3 -> פארמה וטואלטיקה | B6: =IF(A6<>0,SUMIF('שלב ב - סיווג תנועות'!$H$9:$H$1499,A6,'שלב ב - סיווג תנועות'!$N$9:$N$1499),0) -> 0 | D6: ='רשימת הסעיפים'!Q3 -> שכר עבודה 2 | E6: =IF(D6<>0,SUMIF('שלב ב - סיווג תנועות'!$H$9:$H$1499,D6,'שלב ב - סיווג תנועות'!$N$9:$N$1499),0) -> 0
A7: ='רשימת הסעיפים'!A4 -> בר מים | B7: =IF(A7<>0,SUMIF('שלב ב - סיווג תנועות'!$H$9:$H$1499,A7,'שלב ב - סיווג תנועות'!$N$9:$N$1499),0) -> 0 | D7: ='רשימת הסעיפים'!Q4 -> שכר עבודה 3 | E7: =IF(D7<>0,SUMIF('שלב ב - סיווג תנועות'!$H$9:$H$1499,D7,'שלב ב - סיווג תנועות'!$N$9:$N$1499),0) -> 0
A8: ='רשימת הסעיפים'!A5 -> אוכל מוכן / בעבודה | B8: =IF(A8<>0,SUMIF('שלב ב - סיווג תנועות'!$H$9:$H$1499,A8,'שלב ב - סיווג תנועות'!$N$9:$N$1499),0) -> 0 | D8: ='רשימת הסעיפים'!Q5 -> שכר עבודה 4 | E8: =IF(D8<>0,SUMIF('שלב ב - סיווג תנועות'!$H$9:$H$1499,D8,'שלב ב - סיווג תנועות'!$N$9:$N$1499),0) -> 0
A9: ='רשימת הסעיפים'!A6 -> עישון | B9: =IF(A9<>0,SUMIF('שלב ב - סיווג תנועות'!$H$9:$H$1499,A9,'שלב ב - סיווג תנועות'!$N$9:$N$1499),0) -> 0 | D9: ='רשימת הסעיפים'!Q6 -> שכר - כללי | E9: =IF(D9<>0,SUMIF('שלב ב - סיווג תנועות'!$H$9:$H$1499,D9,'שלב ב - סיווג תנועות'!$N$9:$N$1499),0) -> 0
A10: ='רשימת הסעיפים'!A7 -> מזון ופארמה - כללי | B10: =IF(A10<>0,SUMIF('שלב ב - סיווג תנועות'!$H$9:$H$1499,A10,'שלב ב - סיווג תנועות'!$N$9:$N$1499),0) -> 0 | D10: ='רשימת הסעיפים'!Q7 -> 0 | E10: =IF(D10<>0,SUMIF('שלב ב - סיווג תנועות'!$H$9:$H$1499,D10,'שלב ב - סיווג תנועות'!$N$9:$N$1499),0) -> 0
A11: ='רשימת הסעיפים'!A8 -> 0 | B11: =IF(A11<>0,SUMIF('שלב ב - סיווג תנועות'!$H$9:$H$1499,A11,'שלב ב - סיווג תנועות'!$N$9:$N$1499),0) -> 0 | D11: ='רשימת הסעיפים'!Q8 -> 0 | E11: =IF(D11<>0,SUMIF('שלב ב - סיווג תנועות'!$H$9:$H$1499,D11,'שלב ב - סיווג תנועות'!$N$9:$N$1499),0) -> 0
A12: ='רשימת הסעיפים'!A9 -> 0 | B12: =IF(A12<>0,SUMIF('שלב ב - סיווג תנועות'!$H$9:$H$1499,A12,'שלב ב - סיווג תנועות'!$N$9:$N$1499),0) -> 0 | D12: ='רשימת הסעיפים'!Q9 -> 0 | E12: =IF(D12<>0,SUMIF('שלב ב - סיווג תנועות'!$H$9:$H$1499,D12,'שלב ב - סיווג תנועות'!$N$9:$N$1499),0) -> 0
A13: ='רשימת הסעיפים'!A10 -> 0 | B13: =IF(A13<>0,SUMIF('שלב ב - סיווג תנועות'!$H$9:$H$1499,A13,'שלב ב - סיווג תנועות'!$N$9:$N$1499),0) -> 0 | D13: ='רשימת הסעיפים'!Q10 -> 0 | E13: =IF(D13<>0,SUMIF('שלב ב - סיווג תנועות'!$H$9:$H$1499,D13,'שלב ב - סיווג תנועות'!$N$9:$N$1499),0) -> 0
A14: ='רשימת הסעיפים'!A11 -> 0 | B14: =IF(A14<>0,SUMIF('שלב ב - סיווג תנועות'!$H$9:$H$1499,A14,'שלב ב - סיווג תנועות'!$N$9:$N$1499),0) -> 0 | D14: ='רשימת הסעיפים'!Q11 -> 0 | E14: =IF(D14<>0,SUMIF('שלב ב - סיווג תנועות'!$H$9:$H$1499,D14,'שלב ב - סיווג תנועות'!$N$9:$N$1499),0) -> 0
A15: ='רשימת הסעיפים'!A12 -> 0 | B15: =IF(A15<>0,SUMIF('שלב ב - סיווג תנועות'!$H$9:$H$1499,A15,'שלב ב - סיווג תנועות'!$N$9:$N$1499),0) -> 0 | D15: ='רשימת הסעיפים'!Q12 -> 0 | E15: =IF(D15<>0,SUMIF('שלב ב - סיווג תנועות'!$H$9:$H$1499,D15,'שלב ב - סיווג תנועות'!$N$9:$N$1499),0) -> 0
A16: ='רשימת הסעיפים'!A13 -> 0 | B16: =IF(A16<>0,SUMIF('שלב ב - סיווג תנועות'!$H$9:$H$1499,A16,'שלב ב - סיווג תנועות'!$N$9:$N$1499),0) -> 0 | D16: ='רשימת הסעיפים'!Q13 -> 0 | E16: =IF(D16<>0,SUMIF('שלב ב - סיווג תנועות'!$H$9:$H$1499,D16,'שלב ב - סיווג תנועות'!$N$9:$N$1499),0) -> 0
... A24: ='רשימת הסעיפים'!A21 -> 0 | B24: =IF(A24<>0,SUMIF('שלב ב - סיווג תנועות'!$H$9:$H$1499,A24,'שלב ב - סיווג תנועות'!$N$9:$N$1499),0) -> 0 | D24: ='רשימת הסעיפים'!Q21 -> 0 | E24: =IF(D24<>0,SUMIF('שלב ב - סיווג תנועות'!$H$9:$H$1499,D24,'שלב ב - סיווג תנועות'!$N$9:$N$1499),0) -> 0
A25: ='רשימת הסעיפים'!B1 -> פנאי, בילוי ותחביבים | B25: =SUM(B26:B45) -> 0 | D25: ='רשימת הסעיפים'!R1 -> קצבאות | E25: =SUM(E26:E45) -> 0
A26: ='רשימת הסעיפים'!B2 -> מסעדה ואוכל בחוץ | B26: =IF(A26<>0,SUMIF('שלב ב - סיווג תנועות'!$H$9:$H$1499,A26,'שלב ב - סיווג תנועות'!$N$9:$N$1499),0) -> 0 | D26: ='רשימת הסעיפים'!R2 -> קצבת ילדים | E26: =IF(D26<>0,SUMIF('שלב ב - סיווג תנועות'!$H$9:$H$1499,D26,'שלב ב - סיווג תנועות'!$N$9:$N$1499),0) -> 0
A27: ='רשימת הסעיפים'!B3 -> ספורט | B27: =IF(A27<>0,SUMIF('שלב ב - סיווג תנועות'!$H$9:$H$1499,A27,'שלב ב - סיווג תנועות'!$N$9:$N$1499),0) -> 0 | D27: ='רשימת הסעיפים'!R3 -> קצבת נכות | E27: =IF(D27<>0,SUMIF('שלב ב - סיווג תנועות'!$H$9:$H$1499,D27,'שלב ב - סיווג תנועות'!$N$9:$N$1499),0) -> 0
A28: ='רשימת הסעיפים'!B4 -> חופשות | B28: =IF(A28<>0,SUMIF('שלב ב - סיווג תנועות'!$H$9:$H$1499,A28,'שלב ב - סיווג תנועות'!$N$9:$N$1499),0) -> 0 | D28: ='רשימת הסעיפים'!R4 -> סיוע בשכר דירה | E28: =IF(D28<>0,SUMIF('שלב ב - סיווג תנועות'!$H$9:$H$1499,D28,'שלב ב - סיווג תנועות'!$N$9:$N$1499),0) -> 0
A29: ='רשימת הסעיפים'!B5 -> בילויים ומופעים | B29: =IF(A29<>0,SUMIF('שלב ב - סיווג תנועות'!$H$9:$H$1499,A29,'שלב ב - סיווג תנועות'!$N$9:$N$1499),0) -> 0 | D29: ='רשימת הסעיפים'!R5 -> קצבת זיקנה | E29: =IF(D29<>0,SUMIF('שלב ב - סיווג תנועות'!$H$9:$H$1499,D29,'שלב ב - סיווג תנועות'!$N$9:$N$1499),0) -> 0
A30: ='רשימת הסעיפים'!B6 -> חיות מחמד | B30: =IF(A30<>0,SUMIF('שלב ב - סיווג תנועות'!$H$9:$H$1499,A30,'שלב ב - סיווג תנועות'!$N$9:$N$1499),0) -> 0 | D30: ='רשימת הסעיפים'!R6 -> קצבאות - כללי | E30: =IF(D30<>0,SUMIF('שלב ב - סיווג תנועות'!$H$9:$H$1499,D30,'שלב ב - סיווג תנועות'!$N$9:$N$1499),0) -> 0
A31: ='רשימת הסעיפים'!B7 -> חוגי מבוגרים | B31: =IF(A31<>0,SUMIF('שלב ב - סיווג תנועות'!$H$9:$H$1499,A31,'שלב ב - סיווג תנועות'!$N$9:$N$1499),0) -> 0 | D31: ='רשימת הסעיפים'!R7 -> 0 | E31: =IF(D31<>0,SUMIF('שלב ב - סיווג תנועות'!$H$9:$H$1499,D31,'שלב ב - סיווג תנועות'!$N$9:$N$1499),0) -> 0
A32: ='רשימת הסעיפים'!B8 -> בייביסיטר | B32: =IF(A32<>0,SUMIF('שלב ב - סיווג תנועות'!$H$9:$H$1499,A32,'שלב ב - סיווג תנועות'!$N$9:$N$1499),0) -> 0 | D32: ='רשימת הסעיפים'!R8 -> 0 | E32: =IF(D32<>0,SUMIF('שלב ב - סיווג תנועות'!$H$9:$H$1499,D32,'שלב ב - סיווג תנועות'!$N$9:$N$1499),0) -> 0
A33: ='רשימת הסעיפים'!B9 -> הגרלות | B33: =IF(A33<>0,SUMIF('שלב ב - סיווג תנועות'!$H$9:$H$1499,A33,'שלב ב - סיווג תנועות'!$N$9:$N$1499),0) -> 0 | D33: ='רשימת הסעיפים'!R9 -> 0 | E33: =IF(D33<>0,SUMIF('שלב ב - סיווג תנועות'!$H$9:$H$1499,D33,'שלב ב - סיווג תנועות'!$N$9:$N$1499),0) -> 0
A34: ='רשימת הסעיפים'!B10 -> פנאי - כללי | B34: =IF(A34<>0,SUMIF('שלב ב - סיווג תנועות'!$H$9:$H$1499,A34,'שלב ב - סיווג תנועות'!$N$9:$N$1499),0) -> 0 | D34: ='רשימת הסעיפים'!R10 -> 0 | E34: =IF(D34<>0,SUMIF('שלב ב - סיווג תנועות'!$H$9:$H$1499,D34,'שלב ב - סיווג תנועות'!$N$9:$N$1499),0) -> 0
A35: ='רשימת הסעיפים'!B11 -> 0 | B35: =IF(A35<>0,SUMIF('שלב ב - סיווג תנועות'!$H$9:$H$1499,A35,'שלב ב - סיווג תנועות'!$N$9:$N$1499),0) -> 0 | D35: ='רשימת הסעיפים'!R11 -> 0 | E35: =IF(D35<>0,SUMIF('שלב ב - סיווג תנועות'!$H$9:$H$1499,D35,'שלב ב - סיווג תנועות'!$N$9:$N$1499),0) -> 0
A36: ='רשימת הסעיפים'!B12 -> 0 | B36: =IF(A36<>0,SUMIF('שלב ב - סיווג תנועות'!$H$9:$H$1499,A36,'שלב ב - סיווג תנועות'!$N$9:$N$1499),0) -> 0 | D36: ='רשימת הסעיפים'!R12 -> 0 | E36: =IF(D36<>0,SUMIF('שלב ב - סיווג תנועות'!$H$9:$H$1499,D36,'שלב ב - סיווג תנועות'!$N$9:$N$1499),0) -> 0
A37: ='רשימת הסעיפים'!B13 -> 0 | B37: =IF(A37<>0,SUMIF('שלב ב - סיווג תנועות'!$H$9:$H$1499,A37,'שלב ב - סיווג תנועות'!$N$9:$N$1499),0) -> 0 | D37: ='רשימת הסעיפים'!R13 -> 0 | E37: =IF(D37<>0,SUMIF('שלב ב - סיווג תנועות'!$H$9:$H$1499,D37,'שלב ב - סיווג תנועות'!$N$9:$N$1499),0) -> 0
... A45: ='רשימת הסעיפים'!B21 -> 0 | B45: =IF(A45<>0,SUMIF('שלב ב - סיווג תנועות'!$H$9:$H$1499,A45,'שלב ב - סיווג תנועות'!$N$9:$N$1499),0) -> 0 | D45: ='רשימת הסעיפים'!R21 -> 0 | E45: =IF(D45<>0,SUMIF('שלב ב - סיווג תנועות'!$H$9:$H$1499,D45,'שלב ב - סיווג תנועות'!$N$9:$N$1499),0) -> 0
A46: ='רשימת הסעיפים'!C1 -> ביגוד והנעלה | B46: =SUM(B47:B66) -> 0 | D46: ='רשימת הסעיפים'!S1 -> הכנסות שונות | E46: =SUM(E47:E66) -> 0
A47: ='רשימת הסעיפים'!C2 -> ביגוד הורים | B47: =IF(A47<>0,SUMIF('שלב ב - סיווג תנועות'!$H$9:$H$1499,A47,'שלב ב - סיווג תנועות'!$N$9:$N$1499),0) -> 0 | D47: ='רשימת הסעיפים'!S2 -> קבלת מזונות | E47: =IF(D47<>0,SUMIF('שלב ב - סיווג תנועות'!$H$9:$H$1499,D47,'שלב ב - סיווג תנועות'!$N$9:$N$1499),0) -> 0
A48: ='רשימת הסעיפים'!C3 -> ביגוד ילדים | B48: =IF(A48<>0,SUMIF('שלב ב - סיווג תנועות'!$H$9:$H$1499,A48,'שלב ב - סיווג תנועות'!$N$9:$N$1499),0) -> 0 | D48: ='רשימת הסעיפים'!S3 -> הכנסה מנכס | E48: =IF(D48<>0,SUMIF('שלב ב - סיווג תנועות'!$H$9:$H$1499,D48,'שלב ב - סיווג תנועות'!$N$9:$N$1499),0) -> 0
A49: ='רשימת הסעיפים'!C4 -> נעליים | B49: =IF(A49<>0,SUMIF('שלב ב - סיווג תנועות'!$H$9:$H$1499,A49,'שלב ב - סיווג תנועות'!$N$9:$N$1499),0) -> 0 | D49: ='רשימת הסעיפים'!S4 -> עזרה מההורים | E49: =IF(D49<>0,SUMIF('שלב ב - סיווג תנועות'!$H$9:$H$1499,D49,'שלב ב - סיווג תנועות'!$N$9:$N$1499),0) -> 0
A50: ='רשימת הסעיפים'!C5 -> ביגוד והנעלה - כללי | B50: =IF(A50<>0,SUMIF('שלב ב - סיווג תנועות'!$H$9:$H$1499,A50,'שלב ב - סיווג תנועות'!$N$9:$N$1499),0) -> 0 | D50: ='רשימת הסעיפים'!S5 -> הכנסות שונות - כללי | E50: =IF(D50<>0,SUMIF('שלב ב - סיווג תנועות'!$H$9:$H$1499,D50,'שלב ב - סיווג תנועות'!$N$9:$N$1499),0) -> 0
A51: ='רשימת הסעיפים'!C6 -> 0 | B51: =IF(A51<>0,SUMIF('שלב ב - סיווג תנועות'!$H$9:$H$1499,A51,'שלב ב - סיווג תנועות'!$N$9:$N$1499),0) -> 0 | D51: ='רשימת הסעיפים'!S6 -> 0 | E51: =IF(D51<>0,SUMIF('שלב ב - סיווג תנועות'!$H$9:$H$1499,D51,'שלב ב - סיווג תנועות'!$N$9:$N$1499),0) -> 0
A52: ='רשימת הסעיפים'!C7 -> 0 | B52: =IF(A52<>0,SUMIF('שלב ב - סיווג תנועות'!$H$9:$H$1499,A52,'שלב ב - סיווג תנועות'!$N$9:$N$1499),0) -> 0 | D52: ='רשימת הסעיפים'!S7 -> 0 | E52: =IF(D52<>0,SUMIF('שלב ב - סיווג תנועות'!$H$9:$H$1499,D52,'שלב ב - סיווג תנועות'!$N$9:$N$1499),0) -> 0
A53: ='רשימת הסעיפים'!C8 -> 0 | B53: =IF(A53<>0,SUMIF('שלב ב - סיווג תנועות'!$H$9:$H$1499,A53,'שלב ב - סיווג תנועות'!$N$9:$N$1499),0) -> 0 | D53: ='רשימת הסעיפים'!S8 -> 0 | E53: =IF(D53<>0,SUMIF('שלב ב - סיווג תנועות'!$H$9:$H$1499,D53,'שלב ב - סיווג תנועות'!$N$9:$N$1499),0) -> 0
A54: ='רשימת הסעיפים'!C9 -> 0 | B54: =IF(A54<>0,SUMIF('שלב ב - סיווג תנועות'!$H$9:$H$1499,A54,'שלב ב - סיווג תנועות'!$N$9:$N$1499),0) -> 0 | D54: ='רשימת הסעיפים'!S9 -> 0 | E54: =IF(D54<>0,SUMIF('שלב ב - סיווג תנועות'!$H$9:$H$1499,D54,'שלב ב - סיווג תנועות'!$N$9:$N$1499),0) -> 0
A55: ='רשימת הסעיפים'!C10 -> 0 | B55: =IF(A55<>0,SUMIF('שלב ב - סיווג תנועות'!$H$9:$H$1499,A55,'שלב ב - סיווג תנועות'!$N$9:$N$1499),0) -> 0 | D55: ='רשימת הסעיפים'!S10 -> 0 | E55: =IF(D55<>0,SUMIF('שלב ב - סיווג תנועות'!$H$9:$H$1499,D55,'שלב ב - סיווג תנועות'!$N$9:$N$1499),0) -> 0
A56: ='רשימת הסעיפים'!C11 -> 0 | B56: =IF(A56<>0,SUMIF('שלב ב - סיווג תנועות'!$H$9:$H$1499,A56,'שלב ב - סיווג תנועות'!$N$9:$N$1499),0) -> 0 | D56: ='רשימת הסעיפים'!S11 -> 0 | E56: =IF(D56<>0,SUMIF('שלב ב - סיווג תנועות'!$H$9:$H$1499,D56,'שלב ב - סיווג תנועות'!$N$9:$N$1499),0) -> 0
A57: ='רשימת הסעיפים'!C12 -> 0 | B57: =IF(A57<>0,SUMIF('שלב ב - סיווג תנועות'!$H$9:$H$1499,A57,'שלב ב - סיווג תנועות'!$N$9:$N$1499),0) -> 0 | D57: ='רשימת הסעיפים'!S12 -> 0 | E57: =IF(D57<>0,SUMIF('שלב ב - סיווג תנועות'!$H$9:$H$1499,D57,'שלב ב - סיווג תנועות'!$N$9:$N$1499),0) -> 0
A58: ='רשימת הסעיפים'!C13 -> 0 | B58: =IF(A58<>0,SUMIF('שלב ב - סיווג תנועות'!$H$9:$H$1499,A58,'שלב ב - סיווג תנועות'!$N$9:$N$1499),0) -> 0 | D58: ='רשימת הסעיפים'!S13 -> 0 | E58: =IF(D58<>0,SUMIF('שלב ב - סיווג תנועות'!$H$9:$H$1499,D58,'שלב ב - סיווג תנועות'!$N$9:$N$1499),0) -> 0
... A66: ='רשימת הסעיפים'!C21 -> 0 | B66: =IF(A66<>0,SUMIF('שלב ב - סיווג תנועות'!$H$9:$H$1499,A66,'שלב ב - סיווג תנועות'!$N$9:$N$1499),0) -> 0 | D66: ='רשימת הסעיפים'!S21 -> 0 | E66: =IF(D66<>0,SUMIF('שלב ב - סיווג תנועות'!$H$9:$H$1499,D66,'שלב ב - סיווג תנועות'!$N$9:$N$1499),0) -> 0
A67: ='רשימת הסעיפים'!D1 -> תכולת בית | B67: =SUM(B68:B87) -> 0
A68: ='רשימת הסעיפים'!D2 -> ריהוט | B68: =IF(A68<>0,SUMIF('שלב ב - סיווג תנועות'!$H$9:$H$1499,A68,'שלב ב - סיווג תנועות'!$N$9:$N$1499),0) -> 0
A69: ='רשימת הסעיפים'!D3 -> מוצרי חשמל ואלקטרוניקה | B69: =IF(A69<>0,SUMIF('שלב ב - סיווג תנועות'!$H$9:$H$1499,A69,'שלב ב - סיווג תנועות'!$N$9:$N$1499),0) -> 0
A70: ='רשימת הסעיפים'!D4 -> משחקים, צעצועים וספרים | B70: =IF(A70<>0,SUMIF('שלב ב - סיווג תנועות'!$H$9:$H$1499,A70,'שלב ב - סיווג תנועות'!$N$9:$N$1499),0) -> 0
A71: ='רשימת הסעיפים'!D5 -> כלי בית | B71: =IF(A71<>0,SUMIF('שלב ב - סיווג תנועות'!$H$9:$H$1499,A71,'שלב ב - סיווג תנועות'!$N$9:$N$1499),0) -> 0
A72: ='רשימת הסעיפים'!D6 -> תכולת בית - כללי | B72: =IF(A72<>0,SUMIF('שלב ב - סיווג תנועות'!$H$9:$H$1499,A72,'שלב ב - סיווג תנועות'!$N$9:$N$1499),0) -> 0
A73: ='רשימת הסעיפים'!D7 -> 0 | B73: =IF(A73<>0,SUMIF('שלב ב - סיווג תנועות'!$H$9:$H$1499,A73,'שלב ב - סיווג תנועות'!$N$9:$N$1499),0) -> 0
A74: ='רשימת הסעיפים'!D8 -> 0 | B74: =IF(A74<>0,SUMIF('שלב ב - סיווג תנועות'!$H$9:$H$1499,A74,'שלב ב - סיווג תנועות'!$N$9:$N$1499),0) -> 0
A75: ='רשימת הסעיפים'!D9 -> 0 | B75: =IF(A75<>0,SUMIF('שלב ב - סיווג תנועות'!$H$9:$H$1499,A75,'שלב ב - סיווג תנועות'!$N$9:$N$1499),0) -> 0
A76: ='רשימת הסעיפים'!D10 -> 0 | B76: =IF(A76<>0,SUMIF('שלב ב - סיווג תנועות'!$H$9:$H$1499,A76,'שלב ב - סיווג תנועות'!$N$9:$N$1499),0) -> 0
A77: ='רשימת הסעיפים'!D11 -> 0 | B77: =IF(A77<>0,SUMIF('שלב ב - סיווג תנועות'!$H$9:$H$1499,A77,'שלב ב - סיווג תנועות'!$N$9:$N$1499),0) -> 0
A78: ='רשימת הסעיפים'!D12 -> 0 | B78: =IF(A78<>0,SUMIF('שלב ב - סיווג תנועות'!$H$9:$H$1499,A78,'שלב ב - סיווג תנועות'!$N$9:$N$1499),0) -> 0
A79: ='רשימת הסעיפים'!D13 -> 0 | B79: =IF(A79<>0,SUMIF('שלב ב - סיווג תנועות'!$H$9:$H$1499,A79,'שלב ב - סיווג תנועות'!$N$9:$N$1499),0) -> 0
... A87: ='רשימת הסעיפים'!D21 -> 0 | B87: =IF(A87<>0,SUMIF('שלב ב - סיווג תנועות'!$H$9:$H$1499,A87,'שלב ב - סיווג תנועות'!$N$9:$N$1499),0) -> 0
A88: ='רשימת הסעיפים'!E1 -> אחזקת בית | B88: =SUM(B89:B108) -> 0
A89: ='רשימת הסעיפים'!E2 -> חשמל | B89: =IF(A89<>0,SUMIF('שלב ב - סיווג תנועות'!$H$9:$H$1499,A89,'שלב ב - סיווג תנועות'!$N$9:$N$1499),0) -> 0
A90: ='רשימת הסעיפים'!E3 -> מים וביוב | B90: =IF(A90<>0,SUMIF('שלב ב - סיווג תנועות'!$H$9:$H$1499,A90,'שלב ב - סיווג תנועות'!$N$9:$N$1499),0) -> 0
A91: ='רשימת הסעיפים'!E4 -> גז | B91: =IF(A91<>0,SUMIF('שלב ב - סיווג תנועות'!$H$9:$H$1499,A91,'שלב ב - סיווג תנועות'!$N$9:$N$1499),0) -> 0
A92: ='רשימת הסעיפים'!E5 -> ניקיון | B92: =IF(A92<>0,SUMIF('שלב ב - סיווג תנועות'!$H$9:$H$1499,A92,'שלב ב - סיווג תנועות'!$N$9:$N$1499),0) -> 0
A93: ='רשימת הסעיפים'!E6 -> תיקונים בבית / במכשירים | B93: =IF(A93<>0,SUMIF('שלב ב - סיווג תנועות'!$H$9:$H$1499,A93,'שלב ב - סיווג תנועות'!$N$9:$N$1499),0) -> 0
A94: ='רשימת הסעיפים'!E7 -> גינה | B94: =IF(A94<>0,SUMIF('שלב ב - סיווג תנועות'!$H$9:$H$1499,A94,'שלב ב - סיווג תנועות'!$N$9:$N$1499),0) -> 0
A95: ='רשימת הסעיפים'!E8 -> אחזקת בית - כללי | B95: =IF(A95<>0,SUMIF('שלב ב - סיווג תנועות'!$H$9:$H$1499,A95,'שלב ב - סיווג תנועות'!$N$9:$N$1499),0) -> 0
A96: ='רשימת הסעיפים'!E9 -> 0 | B96: =IF(A96<>0,SUMIF('שלב ב - סיווג תנועות'!$H$9:$H$1499,A96,'שלב ב - סיווג תנועות'!$N$9:$N$1499),0) -> 0
A97: ='רשימת הסעיפים'!E10 -> 0 | B97: =IF(A97<>0,SUMIF('שלב ב - סיווג תנועות'!$H$9:$H$1499,A97,'שלב ב - סיווג תנועות'!$N$9:$N$1499),0) -> 0
A98: ='רשימת הסעיפים'!E11 -> 0 | B98: =IF(A98<>0,SUMIF('שלב ב - סיווג תנועות'!$H$9:$H$1499,A98,'שלב ב - סיווג תנועות'!$N$9:$N$1499),0) -> 0
A99: ='רשימת הסעיפים'!E12 -> 0 | B99: =IF(A99<>0,SUMIF('שלב ב - סיווג תנועות'!$H$9:$H$1499,A99,'שלב ב - סיווג תנועות'!$N$9:$N$1499),0) -> 0
A100: ='רשימת הסעיפים'!E13 -> 0 | B100: =IF(A100<>0,SUMIF('שלב ב - סיווג תנועות'!$H$9:$H$1499,A100,'שלב ב - סיווג תנועות'!$N$9:$N$1499),0) -> 0
... A108: ='רשימת הסעיפים'!E21 -> 0 | B108: =IF(A108<>0,SUMIF('שלב ב - סיווג תנועות'!$H$9:$H$1499,A108,'שלב ב - סיווג תנועות'!$N$9:$N$1499),0) -> 0
A109: ='רשימת הסעיפים'!F1 -> טיפוח | B109: =SUM(B110:B129) -> 0
A110: ='רשימת הסעיפים'!F2 -> מספרה | B110: =IF(A110<>0,SUMIF('שלב ב - סיווג תנועות'!$H$9:$H$1499,A110,'שלב ב - סיווג תנועות'!$N$9:$N$1499),0) -> 0
A111: ='רשימת הסעיפים'!F3 -> קוסמטיקה | B111: =IF(A111<>0,SUMIF('שלב ב - סיווג תנועות'!$H$9:$H$1499,A111,'שלב ב - סיווג תנועות'!$N$9:$N$1499),0) -> 0
A112: ='רשימת הסעיפים'!F4 -> טיפוח - כללי | B112: =IF(A112<>0,SUMIF('שלב ב - סיווג תנועות'!$H$9:$H$1499,A112,'שלב ב - סיווג תנועות'!$N$9:$N$1499),0) -> 0
A113: ='רשימת הסעיפים'!F5 -> 0 | B113: =IF(A113<>0,SUMIF('שלב ב - סיווג תנועות'!$H$9:$H$1499,A113,'שלב ב - סיווג תנועות'!$N$9:$N$1499),0) -> 0
A114: ='רשימת הסעיפים'!F6 -> 0 | B114: =IF(A114<>0,SUMIF('שלב ב - סיווג תנועות'!$H$9:$H$1499,A114,'שלב ב - סיווג תנועות'!$N$9:$N$1499),0) -> 0
A115: ='רשימת הסעיפים'!F7 -> 0 | B115: =IF(A115<>0,SUMIF('שלב ב - סיווג תנועות'!$H$9:$H$1499,A115,'שלב ב - סיווג תנועות'!$N$9:$N$1499),0) -> 0
A116: ='רשימת הסעיפים'!F8 -> 0 | B116: =IF(A116<>0,SUMIF('שלב ב - סיווג תנועות'!$H$9:$H$1499,A116,'שלב ב - סיווג תנועות'!$N$9:$N$1499),0) -> 0
A117: ='רשימת הסעיפים'!F9 -> 0 | B117: =IF(A117<>0,SUMIF('שלב ב - סיווג תנועות'!$H$9:$H$1499,A117,'שלב ב - סיווג תנועות'!$N$9:$N$1499),0) -> 0
A118: ='רשימת הסעיפים'!F10 -> 0 | B118: =IF(A118<>0,SUMIF('שלב ב - סיווג תנועות'!$H$9:$H$1499,A118,'שלב ב - סיווג תנועות'!$N$9:$N$1499),0) -> 0
A119: ='רשימת הסעיפים'!F11 -> 0 | B119: =IF(A119<>0,SUMIF('שלב ב - סיווג תנועות'!$H$9:$H$1499,A119,'שלב ב - סיווג תנועות'!$N$9:$N$1499),0) -> 0
A120: ='רשימת הסעיפים'!F12 -> 0 | B120: =IF(A120<>0,SUMIF('שלב ב - סיווג תנועות'!$H$9:$H$1499,A120,'שלב ב - סיווג תנועות'!$N$9:$N$1499),0) -> 0
A121: ='רשימת הסעיפים'!F13 -> 0 | B121: =IF(A121<>0,SUMIF('שלב ב - סיווג תנועות'!$H$9:$H$1499,A121,'שלב ב - סיווג תנועות'!$N$9:$N$1499),0) -> 0
... A129: ='רשימת הסעיפים'!F21 -> 0 | B129: =IF(A129<>0,SUMIF('שלב ב - סיווג תנועות'!$H$9:$H$1499,A129,'שלב ב - סיווג תנועות'!$N$9:$N$1499),0) -> 0
A130: ='רשימת הסעיפים'!G1 -> חינוך | B130: =SUM(B131:B150) -> 0
A131: ='רשימת הסעיפים'!G2 -> בית ספר | B131: =IF(A131<>0,SUMIF('שלב ב - סיווג תנועות'!$H$9:$H$1499,A131,'שלב ב - סיווג תנועות'!$N$9:$N$1499),0) -> 0
A132: ='רשימת הסעיפים'!G3 -> מסגרות צהריים | B132: =IF(A132<>0,SUMIF('שלב ב - סיווג תנועות'!$H$9:$H$1499,A132,'שלב ב - סיווג תנועות'!$N$9:$N$1499),0) -> 0
A133: ='רשימת הסעיפים'!G4 -> מסגרות יום | B133: =IF(A133<>0,SUMIF('שלב ב - סיווג תנועות'!$H$9:$H$1499,A133,'שלב ב - סיווג תנועות'!$N$9:$N$1499),0) -> 0
A134: ='רשימת הסעיפים'!G5 -> צהרון / מטפלת | B134: =IF(A134<>0,SUMIF('שלב ב - סיווג תנועות'!$H$9:$H$1499,A134,'שלב ב - סיווג תנועות'!$N$9:$N$1499),0) -> 0
A135: ='רשימת הסעיפים'!G6 -> הסעות | B135: =IF(A135<>0,SUMIF('שלב ב - סיווג תנועות'!$H$9:$H$1499,A135,'שלב ב - סיווג תנועות'!$N$9:$N$1499),0) -> 0
A136: ='רשימת הסעיפים'!G7 -> שיעור פרטי | B136: =IF(A136<>0,SUMIF('שלב ב - סיווג תנועות'!$H$9:$H$1499,A136,'שלב ב - סיווג תנועות'!$N$9:$N$1499),0) -> 0
A137: ='רשימת הסעיפים'!G8 -> מסגרות קיץ | B137: =IF(A137<>0,SUMIF('שלב ב - סיווג תנועות'!$H$9:$H$1499,A137,'שלב ב - סיווג תנועות'!$N$9:$N$1499),0) -> 0
A138: ='רשימת הסעיפים'!G9 -> חוגים ותנועת נוער | B138: =IF(A138<>0,SUMIF('שלב ב - סיווג תנועות'!$H$9:$H$1499,A138,'שלב ב - סיווג תנועות'!$N$9:$N$1499),0) -> 0
A139: ='רשימת הסעיפים'!G10 -> לימודים והשתלמות לבוגרים | B139: =IF(A139<>0,SUMIF('שלב ב - סיווג תנועות'!$H$9:$H$1499,A139,'שלב ב - סיווג תנועות'!$N$9:$N$1499),0) -> 0
A140: ='רשימת הסעיפים'!G11 -> חינוך - כללי | B140: =IF(A140<>0,SUMIF('שלב ב - סיווג תנועות'!$H$9:$H$1499,A140,'שלב ב - סיווג תנועות'!$N$9:$N$1499),0) -> 0
A141: ='רשימת הסעיפים'!G12 -> 0 | B141: =IF(A141<>0,SUMIF('שלב ב - סיווג תנועות'!$H$9:$H$1499,A141,'שלב ב - סיווג תנועות'!$N$9:$N$1499),0) -> 0
A142: ='רשימת הסעיפים'!G13 -> 0 | B142: =IF(A142<>0,SUMIF('שלב ב - סיווג תנועות'!$H$9:$H$1499,A142,'שלב ב - סיווג תנועות'!$N$9:$N$1499),0) -> 0
... A150: ='רשימת הסעיפים'!G21 -> 0 | B150: =IF(A150<>0,SUMIF('שלב ב - סיווג תנועות'!$H$9:$H$1499,A150,'שלב ב - סיווג תנועות'!$N$9:$N$1499),0) -> 0
A151: ='רשימת הסעיפים'!H1 -> אירועים, תרומות, צרכי דת | B151: =SUM(B152:B171) -> 0
...

Sheet חובות
A2: חובות
A3: שם מזהה | B3: קרן התחלתית | C3: יתרה | D3: ריבית | E3: מספר תשלומים מקורי | F3: מספר תשלומים שנותרו | G3: החזר חודשי | H3: בסיס ריבית | I3: לוח | J3: מספר תשלומים שנפרעו | K3: מועד תשלום | L3: מועד תשלום ראשון | M3: מועד תשלום אחרון | N3: מועד מידע | O3: יתרה לסילוק | P3: עלות פירעון מוקדם | Q3: הערות
A4: מסגרת אשראי בחשבון הבנק (מינוס)

Sheet חסכונות
A2: חסכונות | D2: ממוצע חודשי מהשיקוף לסעיף 'הוראות קבע לחיסכון': | E2: =#REF! -> #REF!
A3: סוג | B3: גוף | C3: סך | D3: מסלול השקעה | E3: מזהה / ח-ן | F3: תאריך מידע | G3: חוסך | H3: תאריך נזילות | I3: ד"נ | J3: מעמד | K3: מעסיק רשום | L3: ביטוחים כלולים | M3: אפשרות להלוואה כנגד החיסכון | N3: הערות

Sheet ביטוחים
A2: ביטוחים | E2: ממוצע חודשי מהשיקוף לסעיף 'ביטוחים (למעט רכב)': | F2: =#REF! -> #REF!
A3: חברה מבטחת | B3: מס' פוליסה | C3: סוג ביטוח | D3: מבוטח | E3: כיסוי | F3: השתתפות עצמית | G3: החרגות | H3: תחילת ביטוח | I3: תום ביטוח | J3: סוג פרמיה | K3: פרמיה שנתית | L3: פרמיה חודשית | M3: סוכן | N3: הערות

Sheet רשימת הסעיפים
A1: מזון ופארמה | B1: פנאי, בילוי ותחביבים | C1: ביגוד והנעלה | D1: תכולת בית | E1: אחזקת בית | F1: טיפוח | G1: חינוך | H1: אירועים, תרומות, צרכי דת | I1: בריאות | J1: תחבורה | K1: משפחה | L1: תקשורת | M1: דיור | N1: התחייבויות | O1: נכסים | P1: פיננסים | Q1: שכר | R1: קצבאות | S1: הכנסות שונות
A2: מזון | B2: מסעדה ואוכל בחוץ | C2: ביגוד הורים | D2: ריהוט | E2: חשמל | F2: מספרה | G2: בית ספר | H2: חגים וצרכי דת | I2: קופ"ח תשלום קבוע | J2: דלק | K2: ארועי שמחות במשפחה | L2: טלפון נייד ונייח | M2: משכנתה | N2: החזר חובות חודשי (למעט משכנתה) - כללי | O2: הפקדות לחסכונות - כללי | P2: עמלות | Q2: שכר עבודה 1 | R2: קצבת ילדים | S2: קבלת מזונות | AA2: כל סעיפי הוצאה | AB2: כל סעיפי הכנסה | AC2: כל סעיפי הוצאה ללא רווחים | AD2: כל סעיפי הכנסה ללא רווחים
A3: פארמה וטואלטיקה | B3: ספורט | C3: ביגוד ילדים | D3: מוצרי חשמל ואלקטרוניקה | E3: מים וביוב | F3: קוסמטיקה | G3: מסגרות צהריים | H3: אירוע בעבודה / לחברים | I3: ביטוח רפואי נוסף | J3: חניה | K3: דמי כיס | L3: טלויזיה ואינטרנט (ספק ותשתית) | M3: שכר דירה | N3: ריביות משיכת יתר | P3: ביטוח חיים | Q3: שכר עבודה 2 | R3: קצבת נכות | S3: הכנסה מנכס
A4: בר מים | B4: חופשות | C4: נעליים | D4: משחקים, צעצועים וספרים | E4: גז | F4: טיפוח - כללי | G4: מסגרות יום | H4: תרומות | I4: טיפולים פרטיים | J4: כבישי אגרה | K4: עזרה למשפחה | L4: שירותי תוכן | M4: מיסי ישוב / ועד בית | P4: ביטוח לאומי (למי שלא עובד) | Q4: שכר עבודה 3 | R4: סיוע בשכר דירה | S4: עזרה מההורים | AA4: =IF(A2="","",A2) -> מזון | AB4: =IF(Q2="","",Q2) -> שכר עבודה 1 | AC4: =IFERROR(INDEX(BlanksRangeExp,SMALL((IF(LEN(BlanksRangeExp),ROW(INDIRECT("1:"&ROWS(BlanksRangeExp))))),ROW(A1)),1),"") -> מזון | AD4: {=IFERROR(INDEX(BlanksRangeInc,SMALL((IF(LEN(BlanksRangeInc),ROW(INDIRECT("1:"&ROWS(BlanksRangeInc))))),ROW(A1)),1),"")} -> שכר עבודה 1 | AG4: =טבלה4[[#Headers],[מזון ופארמה]] -> מזון ופארמה | AH4: ExpFood
A5: אוכל מוכן / בעבודה | B5: בילויים ומופעים | C5: ביגוד והנעלה - כללי | D5: כלי בית | E5: ניקיון | G5: צהרון / מטפלת | I5: תרופות | J5: ביטוח רכב | K5: תשלום מזונות | L5: תקשורת - כללי | M5: ארנונה | P5: פיננסים - כללי | Q5: שכר עבודה 4 | R5: קצבת זיקנה | S5: הכנסות שונות - כללי | AA5: =IF(A3="","",A3) -> פארמה וטואלטיקה | AB5: =IF(Q3="","",Q3) -> שכר עבודה 2 | AC5: {=IFERROR(INDEX(BlanksRangeExp,SMALL((IF(LEN(BlanksRangeExp),ROW(INDIRECT("1:"&ROWS(BlanksRangeExp))))),ROW(A2)),1),"")} -> פארמה וטואלטיקה | AD5: {=IFERROR(INDEX(BlanksRangeInc,SMALL((IF(LEN(BlanksRangeInc),ROW(INDIRECT("1:"&ROWS(BlanksRangeInc))))),ROW(A2)),1),"")} -> שכר עבודה 2 | AG5: =טבלה7[[#Headers],[פנאי, בילוי ותחביבים]] -> פנאי, בילוי ותחביבים | AH5: ExpHobby
A6: עישון | B6: חיות מחמד | D6: תכולת בית - כללי | E6: תיקונים בבית / במכשירים | G6: הסעות | I6: טיפולי שיניים / אורטודנט | J6: תחזוקת רכב | K6: משפחה - כללי | M6: ביטוח נכס ותכולה | Q6: שכר - כללי | R6: קצבאות - כללי | AA6: =IF(A4="","",A4) -> בר מים | AB6: =IF(Q4="","",Q4) -> שכר עבודה 3 | AC6: {=IFERROR(INDEX(BlanksRangeExp,SMALL((IF(LEN(BlanksRangeExp),ROW(INDIRECT("1:"&ROWS(BlanksRangeExp))))),ROW(A3)),1),"")} -> בר מים | AD6: {=IFERROR(INDEX(BlanksRangeInc,SMALL((IF(LEN(BlanksRangeInc),ROW(INDIRECT("1:"&ROWS(BlanksRangeInc))))),ROW(A3)),1),"")} -> שכר עבודה 3 | AG6: =טבלה8[[#Headers],[ביגוד והנעלה]] -> ביגוד והנעלה | AH6: ExpCloth
A7: מזון ופארמה - כללי | B7: חוגי מבוגרים | E7: גינה | G7: שיעור פרטי | I7: אופטיקה | J7: תחבורה ציבורית | M7: דיור - כללי | AA7: =IF(A5="","",A5) -> אוכל מוכן / בעבודה | AB7: =IF(Q5="","",Q5) -> שכר עבודה 4 | AC7: {=IFERROR(INDEX(BlanksRangeExp,SMALL((IF(LEN(BlanksRangeExp),ROW(INDIRECT("1:"&ROWS(BlanksRangeExp))))),ROW(A4)),1),"")} -> אוכל מוכן / בעבודה | AD7: {=IFERROR(INDEX(BlanksRangeInc,SMALL((IF(LEN(BlanksRangeInc),ROW(INDIRECT("1:"&ROWS(BlanksRangeInc))))),ROW(A4)),1),"")} -> שכר עבודה 4 | AG7: =טבלה9[[#Headers],[תכולת בית]] -> תכולת בית | AH7: ExpHomeCont
B8: בייביסיטר | E8: אחזקת בית - כללי | G8: מסגרות קיץ | I8: בריאות - כללי | J8: רישוי רכב | AA8: =IF(A6="","",A6) -> עישון | AB8: =IF(Q6="","",Q6) -> שכר - כללי | AC8: {=IFERROR(INDEX(BlanksRangeExp,SMALL((IF(LEN(BlanksRangeExp),ROW(INDIRECT("1:"&ROWS(BlanksRangeExp))))),ROW(A5)),1),"")} -> עישון | AD8: {=IFERROR(INDEX(BlanksRangeInc,SMALL((IF(LEN(BlanksRangeInc),ROW(INDIRECT("1:"&ROWS(BlanksRangeInc))))),ROW(A5)),1),"")} -> שכר - כללי | AG8: =טבלה10[[#Headers],[אחזקת בית]] -> אחזקת בית | AH8: ExpHome
B9: הגרלות | G9: חוגים ותנועת נוער | J9: תחבורה שיתופית | AA9: =IF(A7="","",A7) -> מזון ופארמה - כללי | AB9: =IF(Q7="","",Q7) | AC9: {=IFERROR(INDEX(BlanksRangeExp,SMALL((IF(LEN(BlanksRangeExp),ROW(INDIRECT("1:"&ROWS(BlanksRangeExp))))),ROW(A6)),1),"")} -> מזון ופארמה - כללי | AD9: {=IFERROR(INDEX(BlanksRangeInc,SMALL((IF(LEN(BlanksRangeInc),ROW(INDIRECT("1:"&ROWS(BlanksRangeInc))))),ROW(A6)),1),"")} -> קצבת ילדים | AG9: =טבלה11[[#Headers],[טיפוח]] -> טיפוח | AH9: ExpCare
B10: פנאי - כללי | G10: לימודים והשתלמות לבוגרים | J10: ליסינג | AA10: =IF(A8="","",A8) | AB10: =IF(Q8="","",Q8) | AC10: {=IFERROR(INDEX(BlanksRangeExp,SMALL((IF(LEN(BlanksRangeExp),ROW(INDIRECT("1:"&ROWS(BlanksRangeExp))))),ROW(A7)),1),"")} -> מסעדה ואוכל בחוץ | AD10: {=IFERROR(INDEX(BlanksRangeInc,SMALL((IF(LEN(BlanksRangeInc),ROW(INDIRECT("1:"&ROWS(BlanksRangeInc))))),ROW(A7)),1),"")} -> קצבת נכות | AG10: =טבלה12[[#Headers],[חינוך]] -> חינוך | AH10: ExpEdu
G11: חינוך - כללי | J11: תחבורה - כללי | AA11: =IF(A9="","",A9) | AB11: =IF(Q9="","",Q9) | AC11: {=IFERROR(INDEX(BlanksRangeExp,SMALL((IF(LEN(BlanksRangeExp),ROW(INDIRECT("1:"&ROWS(BlanksRangeExp))))),ROW(A8)),1),"")} -> ספורט | AD11: {=IFERROR(INDEX(BlanksRangeInc,SMALL((IF(LEN(BlanksRangeInc),ROW(INDIRECT("1:"&ROWS(BlanksRangeInc))))),ROW(A8)),1),"")} -> סיוע בשכר דירה | AG11: =טבלה13[[#Headers],[אירועים, תרומות, צרכי דת]] -> אירועים, תרומות, צרכי דת | AH11: ExpEvents
AA12: =IF(A10="","",A10) | AB12: =IF(Q10="","",Q10) | AC12: {=IFERROR(INDEX(BlanksRangeExp,SMALL((IF(LEN(BlanksRangeExp),ROW(INDIRECT("1:"&ROWS(BlanksRangeExp))))),ROW(A9)),1),"")} -> חופשות | AD12: {=IFERROR(INDEX(BlanksRangeInc,SMALL((IF(LEN(BlanksRangeInc),ROW(INDIRECT("1:"&ROWS(BlanksRangeInc))))),ROW(A9)),1),"")} -> קצבת זיקנה | AG12: =טבלה14[[#Headers],[בריאות]] -> בריאות | AH12: ExpHealth
AA13: =IF(A11="","",A11) | AB13: =IF(Q11="","",Q11) | AC13: {=IFERROR(INDEX(BlanksRangeExp,SMALL((IF(LEN(BlanksRangeExp),ROW(INDIRECT("1:"&ROWS(BlanksRangeExp))))),ROW(A10)),1),"")} -> בילויים ומופעים | AD13: {=IFERROR(INDEX(BlanksRangeInc,SMALL((IF(LEN(BlanksRangeInc),ROW(INDIRECT("1:"&ROWS(BlanksRangeInc))))),ROW(A10)),1),"")} -> קצבאות - כללי | AG13: =טבלה15[[#Headers],[תחבורה]] -> תחבורה | AH13: ExpTransp
AA14: =IF(A12="","",A12) | AB14: =IF(Q12="","",Q12) | AC14: {=IFERROR(INDEX(BlanksRangeExp,SMALL((IF(LEN(BlanksRangeExp),ROW(INDIRECT("1:"&ROWS(BlanksRangeExp))))),ROW(A11)),1),"")} -> חיות מחמד | AD14: {=IFERROR(INDEX(BlanksRangeInc,SMALL((IF(LEN(BlanksRangeInc),ROW(INDIRECT("1:"&ROWS(BlanksRangeInc))))),ROW(A11)),1),"")} -> קבלת מזונות | AG14: =טבלה16[[#Headers],[משפחה]] -> משפחה | AH14: ExpFamily
AA15: =IF(A13="","",A13) | AB15: =IF(Q13="","",Q13) | AC15: {=IFERROR(INDEX(BlanksRangeExp,SMALL((IF(LEN(BlanksRangeExp),ROW(INDIRECT("1:"&ROWS(BlanksRangeExp))))),ROW(A12)),1),"")} -> חוגי מבוגרים | AD15: {=IFERROR(INDEX(BlanksRangeInc,SMALL((IF(LEN(BlanksRangeInc),ROW(INDIRECT("1:"&ROWS(BlanksRangeInc))))),ROW(A12)),1),"")} -> הכנסה מנכס | AG15: =טבלה17[[#Headers],[תקשורת]] -> תקשורת | AH15: ExpCom
AA16: =IF(A14="","",A14) | AB16: =IF(Q14="","",Q14) | AC16: {=IFERROR(INDEX(BlanksRangeExp,SMALL((IF(LEN(BlanksRangeExp),ROW(INDIRECT("1:"&ROWS(BlanksRangeExp))))),ROW(A13)),1),"")} -> בייביסיטר | AD16: {=IFERROR(INDEX(BlanksRangeInc,SMALL((IF(LEN(BlanksRangeInc),ROW(INDIRECT("1:"&ROWS(BlanksRangeInc))))),ROW(A13)),1),"")} -> עזרה מההורים | AG16: =טבלה18[[#Headers],[דיור]] -> דיור | AH16: ExpHousing
AA17: =IF(A15="","",A15) | AB17: =IF(Q15="","",Q15) | AC17: {=IFERROR(INDEX(BlanksRangeExp,SMALL((IF(LEN(BlanksRangeExp),ROW(INDIRECT("1:"&ROWS(BlanksRangeExp))))),ROW(A14)),1),"")} -> הגרלות | AD17: {=IFERROR(INDEX(BlanksRangeInc,SMALL((IF(LEN(BlanksRangeInc),ROW(INDIRECT("1:"&ROWS(BlanksRangeInc))))),ROW(A14)),1),"")} -> הכנסות שונות - כללי | AG17: =טבלה19[[#Headers],[התחייבויות]] -> התחייבויות | AH17: ExpCommit
AA18: =IF(A16="","",A16) | AB18: =IF(Q16="","",Q16) | AC18: {=IFERROR(INDEX(BlanksRangeExp,SMALL((IF(LEN(BlanksRangeExp),ROW(INDIRECT("1:"&ROWS(BlanksRangeExp))))),ROW(A15)),1),"")} -> פנאי - כללי | AD18: {=IFERROR(INDEX(BlanksRangeInc,SMALL((IF(LEN(BlanksRangeInc),ROW(INDIRECT("1:"&ROWS(BlanksRangeInc))))),ROW(A15)),1),"")} | AG18: =טבלה20[[#Headers],[נכסים]] -> נכסים | AH18: ExpProp
AA19: =IF(A17="","",A17) | AB19: =IF(Q17="","",Q17) | AC19: {=IFERROR(INDEX(BlanksRangeExp,SMALL((IF(LEN(BlanksRangeExp),ROW(INDIRECT("1:"&ROWS(BlanksRangeExp))))),ROW(A16)),1),"")} -> ביגוד הורים | AD19: {=IFERROR(INDEX(BlanksRangeInc,SMALL((IF(LEN(BlanksRangeInc),ROW(INDIRECT("1:"&ROWS(BlanksRangeInc))))),ROW(A16)),1),"")} | AG19: =טבלה21[[#Headers],[פיננסים]] -> פיננסים | AH19: ExpFin
AA20: =IF(A18="","",A18) | AB20: =IF(Q18="","",Q18) | AC20: {=IFERROR(INDEX(BlanksRangeExp,SMALL((IF(LEN(BlanksRangeExp),ROW(INDIRECT("1:"&ROWS(BlanksRangeExp))))),ROW(A17)),1),"")} -> ביגוד ילדים | AD20: {=IFERROR(INDEX(BlanksRangeInc,SMALL((IF(LEN(BlanksRangeInc),ROW(INDIRECT("1:"&ROWS(BlanksRangeInc))))),ROW(A17)),1),"")} | AG20: לא לסיווג
AA21: =IF(A19="","",A19) | AB21: =IF(Q19="","",Q19) | AC21: {=IFERROR(INDEX(BlanksRangeExp,SMALL((IF(LEN(BlanksRangeExp),ROW(INDIRECT("1:"&ROWS(BlanksRangeExp))))),ROW(A18)),1),"")} -> נעליים | AD21: {=IFERROR(INDEX(BlanksRangeInc,SMALL((IF(LEN(BlanksRangeInc),ROW(INDIRECT("1:"&ROWS(BlanksRangeInc))))),ROW(A18)),1),"")} | AG21: =טבלה22[[#Headers],[שכר]] -> שכר | AH21: IncSal
AA22: =IF(A20="","",A20) | AB22: =IF(Q20="","",Q20) | AC22: {=IFERROR(INDEX(BlanksRangeExp,SMALL((IF(LEN(BlanksRangeExp),ROW(INDIRECT("1:"&ROWS(BlanksRangeExp))))),ROW(A19)),1),"")} -> ביגוד והנעלה - כללי | AD22: {=IFERROR(INDEX(BlanksRangeInc,SMALL((IF(LEN(BlanksRangeInc),ROW(INDIRECT("1:"&ROWS(BlanksRangeInc))))),ROW(A19)),1),"")} | AG22: =טבלה23[[#Headers],[קצבאות]] -> קצבאות | AH22: IncAllow
AA23: =IF(A21="","",A21) | AB23: =IF(Q21="","",Q21) | AC23: {=IFERROR(INDEX(BlanksRangeExp,SMALL((IF(LEN(BlanksRangeExp),ROW(INDIRECT("1:"&ROWS(BlanksRangeExp))))),ROW(A20)),1),"")} -> ריהוט | AD23: {=IFERROR(INDEX(BlanksRangeInc,SMALL((IF(LEN(BlanksRangeInc),ROW(INDIRECT("1:"&ROWS(BlanksRangeInc))))),ROW(A20)),1),"")} | AG23: =טבלה24[[#Headers],[הכנסות שונות]] -> הכנסות שונות | AH23: IncMisc
AA24: =IF(B2="","",B2) -> מסעדה ואוכל בחוץ | AB24: =IF(R2="","",R2) -> קצבת ילדים | AC24: {=IFERROR(INDEX(BlanksRangeExp,SMALL((IF(LEN(BlanksRangeExp),ROW(INDIRECT("1:"&ROWS(BlanksRangeExp))))),ROW(A21)),1),"")} -> מוצרי חשמל ואלקטרוניקה | AD24: {=IFERROR(INDEX(BlanksRangeInc,SMALL((IF(LEN(BlanksRangeInc),ROW(INDIRECT("1:"&ROWS(BlanksRangeInc))))),ROW(A21)),1),"")} | AG24: לא לסיווג
AA25: =IF(B3="","",B3) -> ספורט | AB25: =IF(R3="","",R3) -> קצבת נכות | AC25: {=IFERROR(INDEX(BlanksRangeExp,SMALL((IF(LEN(BlanksRangeExp),ROW(INDIRECT("1:"&ROWS(BlanksRangeExp))))),ROW(A22)),1),"")} -> משחקים, צעצועים וספרים | AD25: {=IFERROR(INDEX(BlanksRangeInc,SMALL((IF(LEN(BlanksRangeInc),ROW(INDIRECT("1:"&ROWS(BlanksRangeInc))))),ROW(A22)),1),"")}
AA26: =IF(B4="","",B4) -> חופשות | AB26: =IF(R4="","",R4) -> סיוע בשכר דירה | AC26: {=IFERROR(INDEX(BlanksRangeExp,SMALL((IF(LEN(BlanksRangeExp),ROW(INDIRECT("1:"&ROWS(BlanksRangeExp))))),ROW(A23)),1),"")} -> כלי בית | AD26: {=IFERROR(INDEX(BlanksRangeInc,SMALL((IF(LEN(BlanksRangeInc),ROW(INDIRECT("1:"&ROWS(BlanksRangeInc))))),ROW(A23)),1),"")}
AA27: =IF(B5="","",B5) -> בילויים ומופעים | AB27: =IF(R5="","",R5) -> קצבת זיקנה | AC27: {=IFERROR(INDEX(BlanksRangeExp,SMALL((IF(LEN(BlanksRangeExp),ROW(INDIRECT("1:"&ROWS(BlanksRangeExp))))),ROW(A24)),1),"")} -> תכולת בית - כללי | AD27: {=IFERROR(INDEX(BlanksRangeInc,SMALL((IF(LEN(BlanksRangeInc),ROW(INDIRECT("1:"&ROWS(BlanksRangeInc))))),ROW(A24)),1),"")}
AA28: =IF(B6="","",B6) -> חיות מחמד | AB28: =IF(R6="","",R6) -> קצבאות - כללי | AC28: {=IFERROR(INDEX(BlanksRangeExp,SMALL((IF(LEN(BlanksRangeExp),ROW(INDIRECT("1:"&ROWS(BlanksRangeExp))))),ROW(A25)),1),"")} -> חשמל | AD28: {=IFERROR(INDEX(BlanksRangeInc,SMALL((IF(LEN(BlanksRangeInc),ROW(INDIRECT("1:"&ROWS(BlanksRangeInc))))),ROW(A25)),1),"")}
AA29: =IF(B7="","",B7) -> חוגי מבוגרים | AB29: =IF(R7="","",R7) | AC29: {=IFERROR(INDEX(BlanksRangeExp,SMALL((IF(LEN(BlanksRangeExp),ROW(INDIRECT("1:"&ROWS(BlanksRangeExp))))),ROW(A26)),1),"")} -> מים וביוב | AD29: {=IFERROR(INDEX(BlanksRangeInc,SMALL((IF(LEN(BlanksRangeInc),ROW(INDIRECT("1:"&ROWS(BlanksRangeInc))))),ROW(A26)),1),"")}
AA30: =IF(B8="","",B8) -> בייביסיטר | AB30: =IF(R8="","",R8) | AC30: {=IFERROR(INDEX(BlanksRangeExp,SMALL((IF(LEN(BlanksRangeExp),ROW(INDIRECT("1:"&ROWS(BlanksRangeExp))))),ROW(A27)),1),"")} -> גז | AD30: {=IFERROR(INDEX(BlanksRangeInc,SMALL((IF(LEN(BlanksRangeInc),ROW(INDIRECT("1:"&ROWS(BlanksRangeInc))))),ROW(A27)),1),"")}
AA31: =IF(B9="","",B9) -> הגרלות | AB31: =IF(R9="","",R9) | AC31: {=IFERROR(INDEX(BlanksRangeExp,SMALL((IF(LEN(BlanksRangeExp),ROW(INDIRECT("1:"&ROWS(BlanksRangeExp))))),ROW(A28)),1),"")} -> ניקיון | AD31: {=IFERROR(INDEX(BlanksRangeInc,SMALL((IF(LEN(BlanksRangeInc),ROW(INDIRECT("1:"&ROWS(BlanksRangeInc))))),ROW(A28)),1),"")}
AA32: =IF(B10="","",B10) -> פנאי - כללי | AB32: =IF(R10="","",R10) | AC32: {=IFERROR(INDEX(BlanksRangeExp,SMALL((IF(LEN(BlanksRangeExp),ROW(INDIRECT("1:"&ROWS(BlanksRangeExp))))),ROW(A29)),1),"")} -> תיקונים בבית / במכשירים | AD32: {=IFERROR(INDEX(BlanksRangeInc,SMALL((IF(LEN(BlanksRangeInc),ROW(INDIRECT("1:"&ROWS(BlanksRangeInc))))),ROW(A29)),1),"")}
AA33: =IF(B11="","",B11) | AB33: =IF(R11="","",R11) | AC33: {=IFERROR(INDEX(BlanksRangeExp,SMALL((IF(LEN(BlanksRangeExp),ROW(INDIRECT("1:"&ROWS(BlanksRangeExp))))),ROW(A30)),1),"")} -> גינה | AD33: {=IFERROR(INDEX(BlanksRangeInc,SMALL((IF(LEN(BlanksRangeInc),ROW(INDIRECT("1:"&ROWS(BlanksRangeInc))))),ROW(A30)),1),"")}
AA34: =IF(B12="","",B12) | AB34: =IF(R12="","",R12) | AC34: {=IFERROR(INDEX(BlanksRangeExp,SMALL((IF(LEN(BlanksRangeExp),ROW(INDIRECT("1:"&ROWS(BlanksRangeExp))))),ROW(A31)),1),"")} -> אחזקת בית - כללי | AD34: {=IFERROR(INDEX(BlanksRangeInc,SMALL((IF(LEN(BlanksRangeInc),ROW(INDIRECT("1:"&ROWS(BlanksRangeInc))))),ROW(A31)),1),"")}
AA35: =IF(B13="","",B13) | AB35: =IF(R13="","",R13) | AC35: {=IFERROR(INDEX(BlanksRangeExp,SMALL((IF(LEN(BlanksRangeExp),ROW(INDIRECT("1:"&ROWS(BlanksRangeExp))))),ROW(A32)),1),"")} -> מספרה | AD35: {=IFERROR(INDEX(BlanksRangeInc,SMALL((IF(LEN(BlanksRangeInc),ROW(INDIRECT("1:"&ROWS(BlanksRangeInc))))),ROW(A32)),1),"")}
AA36: =IF(B14="","",B14) | AB36: =IF(R14="","",R14) | AC36: {=IFERROR(INDEX(BlanksRangeExp,SMALL((IF(LEN(BlanksRangeExp),ROW(INDIRECT("1:"&ROWS(BlanksRangeExp))))),ROW(A33)),1),"")} -> קוסמטיקה | AD36: {=IFERROR(INDEX(BlanksRangeInc,SMALL((IF(LEN(BlanksRangeInc),ROW(INDIRECT("1:"&ROWS(BlanksRangeInc))))),ROW(A33)),1),"")}
... AA43: =IF(B21="","",B21) | AB43: =IF(R21="","",R21) | AC43: {=IFERROR(INDEX(BlanksRangeExp,SMALL((IF(LEN(BlanksRangeExp),ROW(INDIRECT("1:"&ROWS(BlanksRangeExp))))),ROW(A40)),1),"")} -> שיעור פרטי | AD43: {=IFERROR(INDEX(BlanksRangeInc,SMALL((IF(LEN(BlanksRangeInc),ROW(INDIRECT("1:"&ROWS(BlanksRangeInc))))),ROW(A40)),1),"")}
AA44: =IF(C2="","",C2) -> ביגוד הורים | AB44: =IF(S2="","",S2) -> קבלת מזונות | AC44: {=IFERROR(INDEX(BlanksRangeExp,SMALL((IF(LEN(BlanksRangeExp),ROW(INDIRECT("1:"&ROWS(BlanksRangeExp))))),ROW(A41)),1),"")} -> מסגרות קיץ | AD44: {=IFERROR(INDEX(BlanksRangeInc,SMALL((IF(LEN(BlanksRangeInc),ROW(INDIRECT("1:"&ROWS(BlanksRangeInc))))),ROW(A41)),1),"")}
AA45: =IF(C3="","",C3) -> ביגוד ילדים | AB45: =IF(S3="","",S3) -> הכנסה מנכס | AC45: {=IFERROR(INDEX(BlanksRangeExp,SMALL((IF(LEN(BlanksRangeExp),ROW(INDIRECT("1:"&ROWS(BlanksRangeExp))))),ROW(A42)),1),"")} -> חוגים ותנועת נוער | AD45: {=IFERROR(INDEX(BlanksRangeInc,SMALL((IF(LEN(BlanksRangeInc),ROW(INDIRECT("1:"&ROWS(BlanksRangeInc))))),ROW(A42)),1),"")}
AA46: =IF(C4="","",C4) -> נעליים | AB46: =IF(S4="","",S4) -> עזרה מההורים | AC46: {=IFERROR(INDEX(BlanksRangeExp,SMALL((IF(LEN(BlanksRangeExp),ROW(INDIRECT("1:"&ROWS(BlanksRangeExp))))),ROW(A43)),1),"")} -> לימודים והשתלמות לבוגרים | AD46: {=IFERROR(INDEX(BlanksRangeInc,SMALL((IF(LEN(BlanksRangeInc),ROW(INDIRECT("1:"&ROWS(BlanksRangeInc))))),ROW(A43)),1),"")}
AA47: =IF(C5="","",C5) -> ביגוד והנעלה - כללי | AB47: =IF(S5="","",S5) -> הכנסות שונות - כללי | AC47: {=IFERROR(INDEX(BlanksRangeExp,SMALL((IF(LEN(BlanksRangeExp),ROW(INDIRECT("1:"&ROWS(BlanksRangeExp))))),ROW(A44)),1),"")} -> חינוך - כללי | AD47: {=IFERROR(INDEX(BlanksRangeInc,SMALL((IF(LEN(BlanksRangeInc),ROW(INDIRECT("1:"&ROWS(BlanksRangeInc))))),ROW(A44)),1),"")}
AA48: =IF(C6="","",C6) | AB48: =IF(S6="","",S6) | AC48: {=IFERROR(INDEX(BlanksRangeExp,SMALL((IF(LEN(BlanksRangeExp),ROW(INDIRECT("1:"&ROWS(BlanksRangeExp))))),ROW(A45)),1),"")} -> חגים וצרכי דת | AD48: {=IFERROR(INDEX(BlanksRangeInc,SMALL((IF(LEN(BlanksRangeInc),ROW(INDIRECT("1:"&ROWS(BlanksRangeInc))))),ROW(A45)),1),"")}
AA49: =IF(C7="","",C7) | AB49: =IF(S7="","",S7) | AC49: {=IFERROR(INDEX(BlanksRangeExp,SMALL((IF(LEN(BlanksRangeExp),ROW(INDIRECT("1:"&ROWS(BlanksRangeExp))))),ROW(A46)),1),"")} -> אירוע בעבודה / לחברים | AD49: {=IFERROR(INDEX(BlanksRangeInc,SMALL((IF(LEN(BlanksRangeInc),ROW(INDIRECT("1:"&ROWS(BlanksRangeInc))))),ROW(A46)),1),"")}
AA50: =IF(C8="","",C8) | AB50: =IF(S8="","",S8) | AC50: {=IFERROR(INDEX(BlanksRangeExp,SMALL((IF(LEN(BlanksRangeExp),ROW(INDIRECT("1:"&ROWS(BlanksRangeExp))))),ROW(A47)),1),"")} -> תרומות | AD50: {=IFERROR(INDEX(BlanksRangeInc,SMALL((IF(LEN(BlanksRangeInc),ROW(INDIRECT("1:"&ROWS(BlanksRangeInc))))),ROW(A47)),1),"")}
AA51: =IF(C9="","",C9) | AB51: =IF(S9="","",S9) | AC51: {=IFERROR(INDEX(BlanksRangeExp,SMALL((IF(LEN(BlanksRangeExp),ROW(INDIRECT("1:"&ROWS(BlanksRangeExp))))),ROW(A48)),1),"")} -> קופ"ח תשלום קבוע | AD51: {=IFERROR(INDEX(BlanksRangeInc,SMALL((IF(LEN(BlanksRangeInc),ROW(INDIRECT("1:"&ROWS(BlanksRangeInc))))),ROW(A48)),1),"")}
AA52: =IF(C10="","",C10) | AB52: =IF(S10="","",S10) | AC52: {=IFERROR(INDEX(BlanksRangeExp,SMALL((IF(LEN(BlanksRangeExp),ROW(INDIRECT("1:"&ROWS(BlanksRangeExp))))),ROW(A49)),1),"")} -> ביטוח רפואי נוסף | AD52: {=IFERROR(INDEX(BlanksRangeInc,SMALL((IF(LEN(BlanksRangeInc),ROW(INDIRECT("1:"&ROWS(BlanksRangeInc))))),ROW(A49)),1),"")}
AA53: =IF(C11="","",C11) | AB53: =IF(S11="","",S11) | AC53: {=IFERROR(INDEX(BlanksRangeExp,SMALL((IF(LEN(BlanksRangeExp),ROW(INDIRECT("1:"&ROWS(BlanksRangeExp))))),ROW(A50)),1),"")} -> טיפולים פרטיים | AD53: {=IFERROR(INDEX(BlanksRangeInc,SMALL((IF(LEN(BlanksRangeInc),ROW(INDIRECT("1:"&ROWS(BlanksRangeInc))))),ROW(A50)),1),"")}
AA54: =IF(C12="","",C12) | AB54: =IF(S12="","",S12) | AC54: {=IFERROR(INDEX(BlanksRangeExp,SMALL((IF(LEN(BlanksRangeExp),ROW(INDIRECT("1:"&ROWS(BlanksRangeExp))))),ROW(A51)),1),"")} -> תרופות | AD54: {=IFERROR(INDEX(BlanksRangeInc,SMALL((IF(LEN(BlanksRangeInc),ROW(INDIRECT("1:"&ROWS(BlanksRangeInc))))),ROW(A51)),1),"")}
AA55: =IF(C13="","",C13) | AB55: =IF(S13="","",S13) | AC55: {=IFERROR(INDEX(BlanksRangeExp,SMALL((IF(LEN(BlanksRangeExp),ROW(INDIRECT("1:"&ROWS(BlanksRangeExp))))),ROW(A52)),1),"")} -> טיפולי שיניים / אורטודנט | AD55: {=IFERROR(INDEX(BlanksRangeInc,SMALL((IF(LEN(BlanksRangeInc),ROW(INDIRECT("1:"&ROWS(BlanksRangeInc))))),ROW(A52)),1),"")}
... AA63: =IF(C21="","",C21) | AB63: =IF(S21="","",S21) | AC63: {=IFERROR(INDEX(BlanksRangeExp,SMALL((IF(LEN(BlanksRangeExp),ROW(INDIRECT("1:"&ROWS(BlanksRangeExp))))),ROW(A60)),1),"")} -> תחבורה ציבורית | AD63: {=IFERROR(INDEX(BlanksRangeInc,SMALL((IF(LEN(BlanksRangeInc),ROW(INDIRECT("1:"&ROWS(BlanksRangeInc))))),ROW(A60)),1),"")}
AA64: =IF(D2="","",D2) -> ריהוט | AC64: {=IFERROR(INDEX(BlanksRangeExp,SMALL((IF(LEN(BlanksRangeExp),ROW(INDIRECT("1:"&ROWS(BlanksRangeExp))))),ROW(A61)),1),"")} -> רישוי רכב
AA65: =IF(D3="","",D3) -> מוצרי חשמל ואלקטרוניקה | AC65: {=IFERROR(INDEX(BlanksRangeExp,SMALL((IF(LEN(BlanksRangeExp),ROW(INDIRECT("1:"&ROWS(BlanksRangeExp))))),ROW(A62)),1),"")} -> תחבורה שיתופית
AA66: =IF(D4="","",D4) -> משחקים, צעצועים וספרים | AC66: {=IFERROR(INDEX(BlanksRangeExp,SMALL((IF(LEN(BlanksRangeExp),ROW(INDIRECT("1:"&ROWS(BlanksRangeExp))))),ROW(A63)),1),"")} -> ליסינג
AA67: =IF(D5="","",D5) -> כלי בית | AC67: {=IFERROR(INDEX(BlanksRangeExp,SMALL((IF(LEN(BlanksRangeExp),ROW(INDIRECT("1:"&ROWS(BlanksRangeExp))))),ROW(A64)),1),"")} -> תחבורה - כללי
AA68: =IF(D6="","",D6) -> תכולת בית - כללי | AC68: {=IFERROR(INDEX(BlanksRangeExp,SMALL((IF(LEN(BlanksRangeExp),ROW(INDIRECT("1:"&ROWS(BlanksRangeExp))))),ROW(A65)),1),"")} -> ארועי שמחות במשפחה
AA69: =IF(D7="","",D7) | AC69: {=IFERROR(INDEX(BlanksRangeExp,SMALL((IF(LEN(BlanksRangeExp),ROW(INDIRECT("1:"&ROWS(BlanksRangeExp))))),ROW(A66)),1),"")} -> דמי כיס
AA70: =IF(D8="","",D8) | AC70: {=IFERROR(INDEX(BlanksRangeExp,SMALL((IF(LEN(BlanksRangeExp),ROW(INDIRECT("1:"&ROWS(BlanksRangeExp))))),ROW(A67)),1),"")} -> עזרה למשפחה
AA71: =IF(D9="","",D9) | AC71: {=IFERROR(INDEX(BlanksRangeExp,SMALL((IF(LEN(BlanksRangeExp),ROW(INDIRECT("1:"&ROWS(BlanksRangeExp))))),ROW(A68)),1),"")} -> תשלום מזונות
AA72: =IF(D10="","",D10) | AC72: {=IFERROR(INDEX(BlanksRangeExp,SMALL((IF(LEN(BlanksRangeExp),ROW(INDIRECT("1:"&ROWS(BlanksRangeExp))))),ROW(A69)),1),"")} -> משפחה - כללי
AA73: =IF(D11="","",D11) | AC73: {=IFERROR(INDEX(BlanksRangeExp,SMALL((IF(LEN(BlanksRangeExp),ROW(INDIRECT("1:"&ROWS(BlanksRangeExp))))),ROW(A70)),1),"")} -> טלפון נייד ונייח
AA74: =IF(D12="","",D12) | AC74: {=IFERROR(INDEX(BlanksRangeExp,SMALL((IF(LEN(BlanksRangeExp),ROW(INDIRECT("1:"&ROWS(BlanksRangeExp))))),ROW(A71)),1),"")} -> טלויזיה ואינטרנט (ספק ותשתית)
AA75: =IF(D13="","",D13) | AC75: {=IFERROR(INDEX(BlanksRangeExp,SMALL((IF(LEN(BlanksRangeExp),ROW(INDIRECT("1:"&ROWS(BlanksRangeExp))))),ROW(A72)),1),"")} -> שירותי תוכן
... AA83: =IF(D21="","",D21) | AC83: {=IFERROR(INDEX(BlanksRangeExp,SMALL((IF(LEN(BlanksRangeExp),ROW(INDIRECT("1:"&ROWS(BlanksRangeExp))))),ROW(A80)),1),"")} -> החזר חובות חודשי (למעט משכנתה) - כללי
AA84: =IF(E2="","",E2) -> חשמל | AC84: {=IFERROR(INDEX(BlanksRangeExp,SMALL((IF(LEN(BlanksRangeExp),ROW(INDIRECT("1:"&ROWS(BlanksRangeExp))))),ROW(A81)),1),"")} -> ריביות משיכת יתר
AA85: =IF(E3="","",E3) -> מים וביוב | AC85: {=IFERROR(INDEX(BlanksRangeExp,SMALL((IF(LEN(BlanksRangeExp),ROW(INDIRECT("1:"&ROWS(BlanksRangeExp))))),ROW(A82)),1),"")} -> הפקדות לחסכונות - כללי
AA86: =IF(E4="","",E4) -> גז | AC86: {=IFERROR(INDEX(BlanksRangeExp,SMALL((IF(LEN(BlanksRangeExp),ROW(INDIRECT("1:"&ROWS(BlanksRangeExp))))),ROW(A83)),1),"")} -> עמלות
AA87: =IF(E5="","",E5) -> ניקיון | AC87: {=IFERROR(INDEX(BlanksRangeExp,SMALL((IF(LEN(BlanksRangeExp),ROW(INDIRECT("1:"&ROWS(BlanksRangeExp))))),ROW(A84)),1),"")} -> ביטוח חיים
AA88: =IF(E6="","",E6) -> תיקונים בבית / במכשירים | AC88: {=IFERROR(INDEX(BlanksRangeExp,SMALL((IF(LEN(BlanksRangeExp),ROW(INDIRECT("1:"&ROWS(BlanksRangeExp))))),ROW(A85)),1),"")} -> ביטוח לאומי (למי שלא עובד)
AA89: =IF(E7="","",E7) -> גינה | AC89: {=IFERROR(INDEX(BlanksRangeExp,SMALL((IF(LEN(BlanksRangeExp),ROW(INDIRECT("1:"&ROWS(BlanksRangeExp))))),ROW(A86)),1),"")} -> פיננסים - כללי
AA90: =IF(E8="","",E8) -> אחזקת בית - כללי | AC90: {=IFERROR(INDEX(BlanksRangeExp,SMALL((IF(LEN(BlanksRangeExp),ROW(INDIRECT("1:"&ROWS(BlanksRangeExp))))),ROW(A87)),1),"")}
AA91: =IF(E9="","",E9) | AC91: {=IFERROR(INDEX(BlanksRangeExp,SMALL((IF(LEN(BlanksRangeExp),ROW(INDIRECT("1:"&ROWS(BlanksRangeExp))))),ROW(A88)),1),"")}
AA92: =IF(E10="","",E10) | AC92: {=IFERROR(INDEX(BlanksRangeExp,SMALL((IF(LEN(BlanksRangeExp),ROW(INDIRECT("1:"&ROWS(BlanksRangeExp))))),ROW(A89)),1),"")}
AA93: =IF(E11="","",E11) | AC93: {=IFERROR(INDEX(BlanksRangeExp,SMALL((IF(LEN(BlanksRangeExp),ROW(INDIRECT("1:"&ROWS(BlanksRangeExp))))),ROW(A90)),1),"")}
AA94: =IF(E12="","",E12) | AC94: {=IFERROR(INDEX(BlanksRangeExp,SMALL((IF(LEN(BlanksRangeExp),ROW(INDIRECT("1:"&ROWS(BlanksRangeExp))))),ROW(A91)),1),"")}
AA95: =IF(E13="","",E13) | AC95: {=IFERROR(INDEX(BlanksRangeExp,SMALL((IF(LEN(BlanksRangeExp),ROW(INDIRECT("1:"&ROWS(BlanksRangeExp))))),ROW(A92)),1),"")}
... AA103: =IF(E21="","",E21) | AC103: {=IFERROR(INDEX(BlanksRangeExp,SMALL((IF(LEN(BlanksRangeExp),ROW(INDIRECT("1:"&ROWS(BlanksRangeExp))))),ROW(A100)),1),"")}
AA104: =IF(F2="","",F2) -> מספרה | AC104: {=IFERROR(INDEX(BlanksRangeExp,SMALL((IF(LEN(BlanksRangeExp),ROW(INDIRECT("1:"&ROWS(BlanksRangeExp))))),ROW(A101)),1),"")}
AA105: =IF(F3="","",F3) -> קוסמטיקה | AC105: {=IFERROR(INDEX(BlanksRangeExp,SMALL((IF(LEN(BlanksRangeExp),ROW(INDIRECT("1:"&ROWS(BlanksRangeExp))))),ROW(A102)),1),"")}
AA106: =IF(F4="","",F4) -> טיפוח - כללי | AC106: {=IFERROR(INDEX(BlanksRangeExp,SMALL((IF(LEN(BlanksRangeExp),ROW(INDIRECT("1:"&ROWS(BlanksRangeExp))))),ROW(A103)),1),"")}
AA107: =IF(F5="","",F5) | AC107: {=IFERROR(INDEX(BlanksRangeExp,SMALL((IF(LEN(BlanksRangeExp),ROW(INDIRECT("1:"&ROWS(BlanksRangeExp))))),ROW(A104)),1),"")}
AA108: =IF(F6="","",F6) | AC108: {=IFERROR(INDEX(BlanksRangeExp,SMALL((IF(LEN(BlanksRangeExp),ROW(INDIRECT("1:"&ROWS(BlanksRangeExp))))),ROW(A105)),1),"")}
AA109: =IF(F7="","",F7) | AC109: {=IFERROR(INDEX(BlanksRangeExp,SMALL((IF(LEN(BlanksRangeExp),ROW(INDIRECT("1:"&ROWS(BlanksRangeExp))))),ROW(A106)),1),"")}
AA110: =IF(F8="","",F8) | AC110: {=IFERROR(INDEX(BlanksRangeExp,SMALL((IF(LEN(BlanksRangeExp),ROW(INDIRECT("1:"&ROWS(BlanksRangeExp))))),ROW(A107)),1),"")}
AA111: =IF(F9="","",F9) | AC111: {=IFERROR(INDEX(BlanksRangeExp,SMALL((IF(LEN(BlanksRangeExp),ROW(INDIRECT("1:"&ROWS(BlanksRangeExp))))),ROW(A108)),1),"")}
AA112: =IF(F10="","",F10) | AC112: {=IFERROR(INDEX(BlanksRangeExp,SMALL((IF(LEN(BlanksRangeExp),ROW(INDIRECT("1:"&ROWS(BlanksRangeExp))))),ROW(A109)),1),"")}
AA113: =IF(F11="","",F11) | AC113: {=IFERROR(INDEX(BlanksRangeExp,SMALL((IF(LEN(BlanksRangeExp),ROW(INDIRECT("1:"&ROWS(BlanksRangeExp))))),ROW(A110)),1),"")}
AA114: =IF(F12="","",F12) | AC114: {=IFERROR(INDEX(BlanksRangeExp,SMALL((IF(LEN(BlanksRangeExp),ROW(INDIRECT("1:"&ROWS(BlanksRangeExp))))),ROW(A111)),1),"")}
AA115: =IF(F13="","",F13) | AC115: {=IFERROR(INDEX(BlanksRangeExp,SMALL((IF(LEN(BlanksRangeExp),ROW(INDIRECT("1:"&ROWS(BlanksRangeExp))))),ROW(A112)),1),"")}
... AA123: =IF(F21="","",F21) | AC123: {=IFERROR(INDEX(BlanksRangeExp,SMALL((IF(LEN(BlanksRangeExp),ROW(INDIRECT("1:"&ROWS(BlanksRangeExp))))),ROW(A120)),1),"")}
AA124: =IF(G2="","",G2) -> בית ספר | AC124: {=IFERROR(INDEX(BlanksRangeExp,SMALL((IF(LEN(BlanksRangeExp),ROW(INDIRECT("1:"&ROWS(BlanksRangeExp))))),ROW(A121)),1),"")}
AA125: =IF(G3="","",G3) -> מסגרות צהריים | AC125: {=IFERROR(INDEX(BlanksRangeExp,SMALL((IF(LEN(BlanksRangeExp),ROW(INDIRECT("1:"&ROWS(BlanksRangeExp))))),ROW(A122)),1),"")}
AA126: =IF(G4="","",G4) -> מסגרות יום | AC126: {=IFERROR(INDEX(BlanksRangeExp,SMALL((IF(LEN(BlanksRangeExp),ROW(INDIRECT("1:"&ROWS(BlanksRangeExp))))),ROW(A123)),1),"")}
AA127: =IF(G5="","",G5) -> צהרון / מטפלת | AC127: {=IFERROR(INDEX(BlanksRangeExp,SMALL((IF(LEN(BlanksRangeExp),ROW(INDIRECT("1:"&ROWS(BlanksRangeExp))))),ROW(A124)),1),"")}
AA128: =IF(G6="","",G6) -> הסעות | AC128: {=IFERROR(INDEX(BlanksRangeExp,SMALL((IF(LEN(BlanksRangeExp),ROW(INDIRECT("1:"&ROWS(BlanksRangeExp))))),ROW(A125)),1),"")}
AA129: =IF(G7="","",G7) -> שיעור פרטי | AC129: {=IFERROR(INDEX(BlanksRangeExp,SMALL((IF(LEN(BlanksRangeExp),ROW(INDIRECT("1:"&ROWS(BlanksRangeExp))))),ROW(A126)),1),"")}
AA130: =IF(G8="","",G8) -> מסגרות קיץ | AC130: {=IFERROR(INDEX(BlanksRangeExp,SMALL((IF(LEN(BlanksRangeExp),ROW(INDIRECT("1:"&ROWS(BlanksRangeExp))))),ROW(A127)),1),"")}
AA131: =IF(G9="","",G9) -> חוגים ותנועת נוער | AC131: {=IFERROR(INDEX(BlanksRangeExp,SMALL((IF(LEN(BlanksRangeExp),ROW(INDIRECT("1:"&ROWS(BlanksRangeExp))))),ROW(A128)),1),"")}
AA132: =IF(G10="","",G10) -> לימודים והשתלמות לבוגרים | AC132: {=IFERROR(INDEX(BlanksRangeExp,SMALL((IF(LEN(BlanksRangeExp),ROW(INDIRECT("1:"&ROWS(BlanksRangeExp))))),ROW(A129)),1),"")}
AA133: =IF(G11="","",G11) -> חינוך - כללי | AC133: {=IFERROR(INDEX(BlanksRangeExp,SMALL((IF(LEN(BlanksRangeExp),ROW(INDIRECT("1:"&ROWS(BlanksRangeExp))))),ROW(A130)),1),"")}
AA134: =IF(G12="","",G12) | AC134: {=IFERROR(INDEX(BlanksRangeExp,SMALL((IF(LEN(BlanksRangeExp),ROW(INDIRECT("1:"&ROWS(BlanksRangeExp))))),ROW(A131)),1),"")}
...

Sheet שמור1 - היסטוריית גירסאות
A1: אין למחוק גיליון זה
B3: 250520 | C3: ראשונית. נשלח לעיצוב ומועמד לתיקוף
B4: 270520 | C4: סעיפים פרטיים בצבע שונה, גיליון רשימת בנקים וחברות אשראי, הגנת חוברת עבודה,
C5: דיוק בשמות הבנקים וחברות האשראי
C6: התייחסות למטבע זר בגיליון הדרכה
C7: תיקון פרטים לפורמט דף כרטיס מקס
C8: ביטול הגנה מכותרות העמודות לטובת oneDrive ועדכון הכיתוב למידע נוסף
C9: שינוי הודעת הקלט על שמות הסעיפים בגיליון תוצאות השיקוף
B10: 070620 | C10: הפיכת מחזוריות 'חודשי' ל- 'חודשי/מזדמן'
C11: אפשרות מחיקה של סיווג שגוי של תנועה לסעיף
C12: הוספת תמיכה לטעינת דפי תנועות ישראכרט
C13: בהוראות גיליון שלב א', במקום 'לסוף' -> 'אחרון'
B14: 170620 | C14: שינוי שם ל- שמיר
C15: הכנה לתמיכה בכל הפורמטים הנוספים וסידורם לפי א-ב
C16: בגיליון הדרכה - 1. הדגשה להוריד פירוט חיובי אשראי מאתר חברת האשראי. 2. הכנה לקישור לקובץ שו"ת.
B17: 240620 | C17: הוספת קישור לסרטון הדרכה
C18: ביטול הגנת חוברת עבודה עם סיסמא (הפריע ליבוא מהתוכנה)
B19: 290620 | C19: הוספת קישור לשאלות ותשובות
B20: 020720 | C20: הוספת תמיכה בפורמטים של בנק אגוד, אוצר החייל, הבינלאומי
B21: 080720 | C21: בגיליון שלב ב: גלילה כך שבפתיחה תהיה חשופה השורה הראשונה בטבלה + הוספת אזהרה לגבי שינוי סדר ומיקום של תנועות.
C22: הוספת תמיכה בפורמט בנק הפועלים.
B23: 130720 | C23: תיקון התמיכה בטעינת פורמט ישראכאט לפי זה היוצא מאתר חברת האשראי. ללא תמיכה בעסקאות בחו"ל. אלו יצטרכו להיטען ידנית בסוף.
B24: 150720 | C24: תמיכה באקסל באנגלית, החלפת מקום ריק ברשימה עבור מקורות שייתמכו בעתיד למקום שרשום בו "---- שמור זמנית ---".
B25: 030820 | C25: הוספת תמיכה בפורמט בנק מסד. שינוי אופן החישוב של שורת נתונים אחרונה בחלק מהפורמטים (לפי סוג פעולה / אסמכתא וכדו').
B26: 070820 | C26: הוספת מאקרו לכיווץ אוטומטי של רצועת הכלים בפתיחה. חושף יותר שורות וסיווג בגיליון שלב ב.
B27: 120820 | C27: שינוי החישוב בעמודה L (בשלב ב) כדי לאפשר לסווג פעולה שהוכנסה ישנית עם סכום בלבד וללא "תאור / שם בי העסק"
B28: 190820 | C28: ביטול הגנת חוברת עבודה עם סיסמא כי מפריע ליבוא מהתוכנה (בוטל כבר מגירסה 240620 אבל הוכנס בטעות בחזרה)
B29: 251020 | C29: שינוי החישוב בעמודה L (בשלב ב) כדי לספור מופעים רק כאשר יש זהות גם ב"תאור / שם בית העסק" וגם ב"שם סעיף".
C30: באפשרויות לבחירת 'מחזוריות', החלפת "אחת ל-X חודשים", ב- "חלוקת הסכום ב-X".
C31: שינוי החישוב בעמודה J (בשלב ב) כך שאם נבחר "חלוקת הסכום ב-X" החילוק ייעשה רק על בסיס X (ללא קשר לתקופת השיקוף ו/או למס' המופעים של התנועה). נותן שליטה מלאה למשתמש.
C32: התייחסות "תנועות" בצעד 2 בגיליון "שלב ב", כדי לכלול עסקאות בחו"ל אות תנועות אחרות שלא נטענו אוטומטית מתוך דף המקור.
C33: הוספת התייחסות לתנועות חו"ל בקובץ השו"ת.
B34: 061220 | C34: הוספת כפתור וקישור להורדת גירסה מעודכנת
C35: תמיכה בפורמט פועלים עסקי
C36: בגיליון שלב א' הוספת הטקסט "או אם הטעינה האוטומטית נכשלה".
B37: 150221 | C37: הגנת גיליון שלב ג
B38: 280221 | C38: מניעת שגיאה בשלב ב' במקרה שבוחרים מחזוריות ואח"כ מתחרטים ומוחקים את תוכן התא
C39: הוספת אזהרה בשלב ב' במקרה שמזינים מחזוריות שאינה מספר
B40: 230621 | C40: הוספת תמיכה בפורמט יחודי של אוצר החייל. הפורמט הקודם של אוצר החייל בעצם זהה לבינלאומי ויוכר ככזה. ראה פניה #18649.
B41: 160821 | C41: תמיכה בפורמט דף התנועות החדש של בנק לאומי
B42: 301221 | C42: הוספת תמיכה בפורמט של בנק מרכנתיל
B43: 140722 | C43: התאמה למערכת הסעיפים החדשה באפליקציה
B44: 030523 | C44: עדכון Ids של סעיפים עבור יבוא מהתוכנה, לפי מייל מרוני ב 2/5/23
B45: 080823 | C45: תמיכה לפורמט דף התנועות של בנק יהב לאחר שהם עשו שינוי
B46: 181023 | C46: הוספת "לא לסיווג" תחת סעיף ראשי
B47: 021123 | C47: גירסה מיוחדת לאפ-עמון, מאפשר הוספת עמודות ומיון בגיליון שלב ב' (הטעינה האוטומטית לא תעבוד, וכן יש חשש להפניות מעגליות במיונים למיניהם)

Sheet שמור 2 - רשימת בנקים ואשראי
A1: אין למחוק גיליון זה
A3: קוד בנק​ | B3: שם​ הבנק | C3: נתמך | F3: חברת כ. אשראי | G3: מותגים | H3: נתמך
A4: 13​ | B4: בנק אגוד לישראל בע"מ​ | C4: 1 | F4: Cal | H4: 1
A5: 14​ | B5: בנק אוצר החייל בע"מ​ | C5: 1 | G5: דיינרס
A6: 11​ | B6: בנק דיסקונט לישראל בע"מ​ | C6: 1 | G6: מסטרקארד
A7: 12​ | B7: בנק הפועלים בע"מ​ - חשבון עסקי | C7: 1 | G7: VISA
A8: 12​ | B8: בנק הפועלים בע"מ​ | C8: 1
A9: 4​ | B9: בנק יהב לעובדי המדינה בע"מ​ | C9: 1 | F9: MAX ("לאומי קארד") | H9: 1
A10: 54​ | B10: בנק ירושלים בע"מ​ | G10: VISA
A11: 10​ | B11: בנק לאומי לישראל בע"מ​ | C11: 1 | G11: מסטרקארד
A12: 30​ | B12: בנק למסחר בע"מ (לבנק מונה מפרק זמני)​ | G12: מולטי...
A13: 20​ | B13: בנק מזרחי טפחות בע"מ​ | C13: 1
A14: 46​ | B14: בנק מסד בע"מ​ | C14: 1 | F14: ישראכרט | G14: VISA | H14: 1 | I14: ללא עסקאות בחו"ל
A15: 17​ | B15: בנק מרכנתיל דיסקונט בע"מ​ | C15: 1 | G15: מסטרקארד
A16: 34​ | B16: בנק ערבי ישראלי בע"מ​ | G16: אמריקן אקספרס
A17: 52​ | B17: בנק פועלי אגודת ישראל בע"מ​
A18: 31​ | B18: הבנק הבינלאומי הראשון לישראל בע"מ​ | C18: 1
A19: 26​ | B19: יובנק בע"מ​
A20: 68​ | B20: בנק דקסיה ישראל בע"מ​

Sheet שמור4
A1: אין למחוק גיליון זה

Sheet שמור5
A1: אין למחוק גיליון זה

Sheet שמור6
A1: אין למחוק גיליון זה

Sheet שמור7
A1: אין למחוק גיליון זה

Sheet שמור8
A1: אין למחוק גיליון זה

Sheet שמור9
A1: אין למחוק גיליון זה

Sheet שמור10

Sheet ליבוא מהתוכנה
A1: [אין למחוק או לערוך גיליון זה] | I1: מוכן ליבוא | CX1: =IF(D2=AI2,"",F2) | CY1: =IF(D2=AI2,"shikuf",IF(D2=AI3,"balance","budget")) -> shikuf | CZ1: =IF(ISERROR(I1),"import_error",IF(I1="מוכן ליבוא","import_ok","import_error")) -> import_ok
CZ2: FOR PROGRAMER
CT3: ID | CU3: שם | CY3: Values | CZ3: Names
CT4: 20 | CU4: אחזקת בית - כללי | CY4: =VLOOKUP(CU4,'שלב ג - תוצאות השיקוף'!$A$4:$B$339,2,0) -> 0 | CZ4: 20
CT5: 7 | CU5: גז | CY5: =VLOOKUP(CU5,'שלב ג - תוצאות השיקוף'!$A$4:$B$339,2,0) -> 0 | CZ5: 7
CT6: 169 | CU6: גינה | CY6: =VLOOKUP(CU6,'שלב ג - תוצאות השיקוף'!$A$4:$B$339,2,0) -> 0 | CZ6: 169
CT7: 6 | CU7: חשמל | CY7: =VLOOKUP(CU7,'שלב ג - תוצאות השיקוף'!$A$4:$B$339,2,0) -> 0 | CZ7: 6
CT8: 5 | CU8: מים וביוב | CY8: =VLOOKUP(CU8,'שלב ג - תוצאות השיקוף'!$A$4:$B$339,2,0) -> 0 | CZ8: 5
CT9: 30 | CU9: ניקיון | CY9: =VLOOKUP(CU9,'שלב ג - תוצאות השיקוף'!$A$4:$B$339,2,0) -> 0 | CZ9: 30
CT10: 35 | CU10: תיקונים בבית / במכשירים | CY10: =VLOOKUP(CU10,'שלב ג - תוצאות השיקוף'!$A$4:$B$339,2,0) -> 0 | CZ10: 35
CT11: 129 | CU11: אירוע בעבודה / לחברים | CY11: =VLOOKUP(CU11,'שלב ג - תוצאות השיקוף'!$A$4:$B$339,2,0) -> 0 | CZ11: 129
CT12: 27 | CU12: חגים וצרכי דת | CX12: =F12 -> 0 | CY12: =VLOOKUP(CU12,'שלב ג - תוצאות השיקוף'!$A$4:$B$339,2,0) -> 0 | CZ12: 27
CT13: 18 | CU13: תרומות | CX13: =F13 -> 0 | CY13: =VLOOKUP(CU13,'שלב ג - תוצאות השיקוף'!$A$4:$B$339,2,0) -> 0 | CZ13: 18
CT14: 119 | CU14: ביגוד הורים | CY14: =VLOOKUP(CU14,'שלב ג - תוצאות השיקוף'!$A$4:$B$339,2,0) -> 0 | CZ14: 119
CT15: 29 | CU15: ביגוד והנעלה - כללי | CY15: =VLOOKUP(CU15,'שלב ג - תוצאות השיקוף'!$A$4:$B$339,2,0) -> 0 | CZ15: 29
CT16: 121 | CU16: ביגוד ילדים | CY16: =VLOOKUP(CU16,'שלב ג - תוצאות השיקוף'!$A$4:$B$339,2,0) -> 0 | CZ16: 121
CT17: 158 | CU17: נעליים | CY17: =VLOOKUP(CU17,'שלב ג - תוצאות השיקוף'!$A$4:$B$339,2,0) -> 0 | CZ17: 158
CT18: 13 | CU18: אופטיקה | CY18: =VLOOKUP(CU18,'שלב ג - תוצאות השיקוף'!$A$4:$B$339,2,0) -> 0 | CZ18: 13
CT19: 162 | CU19: ביטוח רפואי נוסף | CY19: =VLOOKUP(CU19,'שלב ג - תוצאות השיקוף'!$A$4:$B$339,2,0) -> 0 | CZ19: 162
CT20: 12 | CU20: בריאות - כללי | CY20: =VLOOKUP(CU20,'שלב ג - תוצאות השיקוף'!$A$4:$B$339,2,0) -> 0 | CZ20: 12
CT21: 14 | CU21: טיפולי שיניים | CY21: =VLOOKUP(CU21,'שלב ג - תוצאות השיקוף'!$A$4:$B$339,2,0) -> #N/A | CZ21: 14
CT22: 67 | CU22: טיפולים פרטיים | CY22: =VLOOKUP(CU22,'שלב ג - תוצאות השיקוף'!$A$4:$B$339,2,0) -> 0 | CZ22: 67
CT23: 56 | CU23: קופ"ח תשלום קבוע | CY23: =VLOOKUP(CU23,'שלב ג - תוצאות השיקוף'!$A$4:$B$339,2,0) -> 0 | CZ23: 56
CT24: 68 | CU24: תרופות | CY24: =VLOOKUP(CU24,'שלב ג - תוצאות השיקוף'!$A$4:$B$339,2,0) -> 0 | CZ24: 68
CT25: 4 | CU25: ארנונה | CY25: =VLOOKUP(CU25,'שלב ג - תוצאות השיקוף'!$A$4:$B$339,2,0) -> 0 | CZ25: 4
... CT33: 143 | CU33: בית ספר | CY33: =VLOOKUP(CU33,'שלב ג - תוצאות השיקוף'!$A$4:$B$339,2,0) -> 0 | CZ33: 143
CT34: 142 | CU34: הסעות | CX34: =F34 -> 0 | CY34: =VLOOKUP(CU34,'שלב ג - תוצאות השיקוף'!$A$4:$B$339,2,0) -> 0 | CZ34: 142
CT35: 11 | CU35: חוגים ותנועת נוער | CX35: =F35 -> 0 | CY35: =VLOOKUP(CU35,'שלב ג - תוצאות השיקוף'!$A$4:$B$339,2,0) -> 0 | CZ35: 11
CT36: 10 | CU36: חינוך - כללי | CY36: =VLOOKUP(CU36,'שלב ג - תוצאות השיקוף'!$A$4:$B$339,2,0) -> 0 | CZ36: 10
CT37: 62 | CU37: לימודים והשתלמות לבוגרים | CY37: =VLOOKUP(CU37,'שלב ג - תוצאות השיקוף'!$A$4:$B$339,2,0) -> 0 | CZ37: 62
CT38: 32993 | CU38: מסגרות יום | CY38: =VLOOKUP(CU38,'שלב ג - תוצאות השיקוף'!$A$4:$B$339,2,0) -> 0 | CZ38: 32993
CT39: 57 | CU39: מסגרות צהריים | CY39: =VLOOKUP(CU39,'שלב ג - תוצאות השיקוף'!$A$4:$B$339,2,0) -> 0 | CZ39: 57
CT40: 59 | CU40: מסגרות קיץ | CY40: =VLOOKUP(CU40,'שלב ג - תוצאות השיקוף'!$A$4:$B$339,2,0) -> 0 | CZ40: 59
CT41: 144 | CU41: צהרון / מטפלת | CY41: =VLOOKUP(CU41,'שלב ג - תוצאות השיקוף'!$A$4:$B$339,2,0) -> 0 | CZ41: 144
CT42: 145 | CU42: שיעור פרטי | CY42: =VLOOKUP(CU42,'שלב ג - תוצאות השיקוף'!$A$4:$B$339,2,0) -> 0 | CZ42: 145
CT43: 33000 | CU43: טיפוח - כללי | CY43: =VLOOKUP(CU43,'שלב ג - תוצאות השיקוף'!$A$4:$B$339,2,0) -> 0 | CZ43: 33000
CT44: 34 | CU44: מספרה | CY44: =VLOOKUP(CU44,'שלב ג - תוצאות השיקוף'!$A$4:$B$339,2,0) -> 0 | CZ44: 34
CT45: 32999 | CU45: קוסמטיקה | CX45: =F45 -> 0 | CY45: =VLOOKUP(CU45,'שלב ג - תוצאות השיקוף'!$A$4:$B$339,2,0) -> 0 | CZ45: 32999
CT46: 111 | CU46: אוכל מוכן / בעבודה | CX46: =F46 -> 0 | CY46: =VLOOKUP(CU46,'שלב ג - תוצאות השיקוף'!$A$4:$B$339,2,0) -> 0 | CZ46: 111
CT47: 154 | CU47: בר מים | CY47: =VLOOKUP(CU47,'שלב ג - תוצאות השיקוף'!$A$4:$B$339,2,0) -> 0 | CZ47: 154
CT48: 26 | CU48: מזון | CY48: =VLOOKUP(CU48,'שלב ג - תוצאות השיקוף'!$A$4:$B$339,2,0) -> 0 | CZ48: 26
CT49: 32992 | CU49: מזון ופארמה - כללי | CY49: =VLOOKUP(CU49,'שלב ג - תוצאות השיקוף'!$A$4:$B$339,2,0) -> 0 | CZ49: 32992
CT50: 28 | CU50: עישון | CY50: =VLOOKUP(CU50,'שלב ג - תוצאות השיקוף'!$A$4:$B$339,2,0) -> 0 | CZ50: 28
CT51: 157 | CU51: פארמה וטואלטיקה | CY51: =VLOOKUP(CU51,'שלב ג - תוצאות השיקוף'!$A$4:$B$339,2,0) -> 0 | CZ51: 157
CT52: 32 | CU52: ארועי שמחות במשפחה | CY52: =VLOOKUP(CU52,'שלב ג - תוצאות השיקוף'!$A$4:$B$339,2,0) -> 0 | CZ52: 32
CT53: 133 | CU53: דמי כיס | CY53: =VLOOKUP(CU53,'שלב ג - תוצאות השיקוף'!$A$4:$B$339,2,0) -> 0 | CZ53: 133
CT54: 32997 | CU54: משפחה - כללי | CY54: =VLOOKUP(CU54,'שלב ג - תוצאות השיקוף'!$A$4:$B$339,2,0) -> 0 | CZ54: 32997
CT55: 32996 | CU55: עזרה למשפחה | CY55: =VLOOKUP(CU55,'שלב ג - תוצאות השיקוף'!$A$4:$B$339,2,0) -> 0 | CZ55: 32996
CT56: 32995 | CU56: תשלום מזונות | CY56: =VLOOKUP(CU56,'שלב ג - תוצאות השיקוף'!$A$4:$B$339,2,0) -> 0 | CZ56: 32995
CT57: 17 | CU57: הפקדות לחסכונות - כללי | CY57: =VLOOKUP(CU57,'שלב ג - תוצאות השיקוף'!$A$4:$B$339,2,0) -> 0 | CZ57: 17
CT58: 9 | CU58: ביטוח חיים | CX58: =F58 -> 0 | CY58: =VLOOKUP(CU58,'שלב ג - תוצאות השיקוף'!$A$4:$B$339,2,0) -> 0 | CZ58: 9
CT59: 8 | CU59: ביטוח לאומי (למי שלא עובד) | CX59: =F59 -> 0 | CY59: =VLOOKUP(CU59,'שלב ג - תוצאות השיקוף'!$A$4:$B$339,2,0) -> 0 | CZ59: 8
CT60: 33004 | CU60: עמלות | CY60: =VLOOKUP(CU60,'שלב ג - תוצאות השיקוף'!$A$4:$B$339,2,0) -> 0 | CZ60: 33004
CT61: 105 | CU61: פיננסים - כללי | CY61: =VLOOKUP(CU61,'שלב ג - תוצאות השיקוף'!$A$4:$B$339,2,0) -> 0 | CZ61: 105
CT62: 32994 | CU62: בייביסיטר | CY62: =VLOOKUP(CU62,'שלב ג - תוצאות השיקוף'!$A$4:$B$339,2,0) -> 0 | CZ62: 32994
CT63: 36 | CU63: בילויים ומופעים | CY63: =VLOOKUP(CU63,'שלב ג - תוצאות השיקוף'!$A$4:$B$339,2,0) -> 0 | CZ63: 36
CT64: 75 | CU64: הגרלות | CY64: =VLOOKUP(CU64,'שלב ג - תוצאות השיקוף'!$A$4:$B$339,2,0) -> 0 | CZ64: 75
CT65: 58 | CU65: חוגי מבוגרים | CY65: =VLOOKUP(CU65,'שלב ג - תוצאות השיקוף'!$A$4:$B$339,2,0) -> 0 | CZ65: 58
CT66: 33 | CU66: חופשות | CY66: =VLOOKUP(CU66,'שלב ג - תוצאות השיקוף'!$A$4:$B$339,2,0) -> 0 | CZ66: 33
CT67: 135 | CU67: חיות מחמד | CY67: =VLOOKUP(CU67,'שלב ג - תוצאות השיקוף'!$A$4:$B$339,2,0) -> 0 | CZ67: 135
CT68: 134 | CU68: מסעדה ואוכל בחוץ | CY68: =VLOOKUP(CU68,'שלב ג - תוצאות השיקוף'!$A$4:$B$339,2,0) -> 0 | CZ68: 134
CT69: 76 | CU69: ספורט | CY69: =VLOOKUP(CU69,'שלב ג - תוצאות השיקוף'!$A$4:$B$339,2,0) -> 0 | CZ69: 76
CT70: 32998 | CU70: פנאי - כללי | CY70: =VLOOKUP(CU70,'שלב ג - תוצאות השיקוף'!$A$4:$B$339,2,0) -> 0 | CZ70: 32998
CT71: 22 | CU71: ביטוח רכב | CY71: =VLOOKUP(CU71,'שלב ג - תוצאות השיקוף'!$A$4:$B$339,2,0) -> 0 | CZ71: 22
... CT89: 181 | CU89: תקשורת - כללי | CY89: =VLOOKUP(CU89,'שלב ג - תוצאות השיקוף'!$A$4:$B$339,2,0) -> 0 | CZ89: 181
CT90: 48 | CU90: שכר - כללי | CY90: =VLOOKUP(CU90,'שלב ג - תוצאות השיקוף'!$D$4:$E$66,2,0) -> 0 | CZ90: 48
CT91: 38 | CU91: שכר עבודה 1 | CY91: =VLOOKUP(CU91,'שלב ג - תוצאות השיקוף'!$D$4:$E$66,2,0) -> 0 | CZ91: 38
CT92: 39 | CU92: שכר עבודה 2 | CY92: =VLOOKUP(CU92,'שלב ג - תוצאות השיקוף'!$D$4:$E$66,2,0) -> 0 | CZ92: 39
CT93: 40 | CU93: שכר עבודה 3 | CY93: =VLOOKUP(CU93,'שלב ג - תוצאות השיקוף'!$D$4:$E$66,2,0) -> 0 | CZ93: 40
CT94: 41 | CU94: שכר עבודה 4 | CY94: =VLOOKUP(CU94,'שלב ג - תוצאות השיקוף'!$D$4:$E$66,2,0) -> 0 | CZ94: 41
CT95: 44 | CU95: סיוע בשכר דירה | CY95: =VLOOKUP(CU95,'שלב ג - תוצאות השיקוף'!$D$4:$E$66,2,0) -> 0 | CZ95: 44
CT96: 33002 | CU96: קצבאות - כללי | CY96: =VLOOKUP(CU96,'שלב ג - תוצאות השיקוף'!$D$4:$E$66,2,0) -> 0 | CZ96: 33002
CT97: 33001 | CU97: קצבת זיקנה | CY97: =VLOOKUP(CU97,'שלב ג - תוצאות השיקוף'!$D$4:$E$66,2,0) -> 0 | CZ97: 33001
CT98: 42 | CU98: קצבת ילדים | CY98: =VLOOKUP(CU98,'שלב ג - תוצאות השיקוף'!$D$4:$E$66,2,0) -> 0 | CZ98: 42
CT99: 43 | CU99: קצבת נכות | CY99: =VLOOKUP(CU99,'שלב ג - תוצאות השיקוף'!$D$4:$E$66,2,0) -> 0 | CZ99: 43
CT100: 47 | CU100: הכנסה מנכס | CY100: =VLOOKUP(CU100,'שלב ג - תוצאות השיקוף'!$D$4:$E$66,2,0) -> 0 | CZ100: 47
CT101: 33003 | CU101: הכנסות שונות - כללי | CY101: =VLOOKUP(CU101,'שלב ג - תוצאות השיקוף'!$D$4:$E$66,2,0) -> 0 | CZ101: 33003
... CT103: 45 | CU103: קבלת מזונות | CY103: =VLOOKUP(CU103,'שלב ג - תוצאות השיקוף'!$D$4:$E$66,2,0) -> 0 | CZ103: 45

Sheet שמיר
A1: נוצר באמצעות AppAmon-7.10.1 | B1: 46160.389
A2: שם קובץ מקורי | B2: שם לשונית מקורי | C2: שם לשונית חדש | D2: מספר רשומות | E2: סכום כולל | F2: תאריך מאוחר | G2: תאריך מוקדם
A3: כרטיס אשראי ינואר 2026.xlsx | B3: עסקאות במועד החיוב | C3: אשראי-1 | D3: 152 | E3: 15325.96 | F3: 46053 | G3: 46023
A4: כרטיס אשראי ינואר 2026.xlsx | B4: עסקאות חו"ל ומט"ח | C4: אשראי-2 | D4: 7 | E4: 373.83 | F4: 46051 | G4: 46026
A5: כרטיס אשראי ינואר 2026.xlsx | B5: עסקאות בחיוב מיידי | C5: אשראי-3 | D5: 2 | E5: 364.85 | F5: 46043 | G5: 46036
A6: כרטיס אשראי אפריל 2026.xlsx | B6: עסקאות במועד החיוב | C6: אשראי-4 | D6: 133 | E6: 10589.17 | F6: 46142 | G6: 46113
A7: כרטיס אשראי אפריל 2026.xlsx | B7: עסקאות חו"ל ומט"ח | C7: אשראי-5 | D7: 4 | E7: 155.7 | F7: 46135 | G7: 46115
A8: כרטיס אשראי אפריל 2026.xlsx | B8: עסקאות בחיוב מיידי | C8: אשראי-6 | D8: 5 | E8: 786.65 | F8: 46141 | G8: 46115
A9: כרטיס אשראי פברואר 2026.xlsx | B9: עסקאות במועד החיוב | C9: אשראי-7 | D9: 144 | E9: 10633.51 | F9: 46081 | G9: 46054
A10: כרטיס אשראי פברואר 2026.xlsx | B10: עסקאות חו"ל ומט"ח | C10: אשראי-8 | D10: 5 | E10: 257.86 | F10: 46074 | G10: 46057
A11: כרטיס אשראי פברואר 2026.xlsx | B11: עסקאות בחיוב מיידי | C11: אשראי-9 | D11: 4 | E11: 729.7 | F11: 46071 | G11: 46055
A12: בנק עוש מרץ 2026.xlsx | B12: גיליון1 | C12: בנק-10 | D12: 38 | E12: 37661.95 | F12: 46112 | G12: 46082
A13: בנק עוש ינואר 2026.xlsx | B13: גיליון1 | C13: בנק-11 | D13: 36 | E13: 30667.99 | F13: 46052 | G13: 46023
A14: כרטיס אשראי מרץ 2026.xlsx | B14: עסקאות במועד החיוב | C14: אשראי-12 | D14: 109 | E14: 10630.42 | F14: 46112 | G14: 46082
... A17: בנק עוש אפריל 2026.xlsx | B17: גיליון1 | C17: בנק-15 | D17: 29 | E17: 26575.11 | F17: 46142 | G17: 46113

Sheet אשראי-1
A1: כל המשתמשים (1)
A2: כל הכרטיסים (1)
A3: 02/2026
A4: תאריך עסקה | B4: שם בית העסק | C4: קטגוריה | D4: 4 ספרות אחרונות של כרטיס האשראי | E4: סוג עסקה | F4: סכום חיוב | G4: מטבע חיוב | H4: סכום עסקה מקורי | I4: מטבע עסקה מקורי | J4: תאריך חיוב | K4: הערות | L4: תיוגים | M4: מועדון הנחות | N4: מפתח דיסקונט | O4: אופן ביצוע ההעסקה | P4: שער המרה ממטבע מקור/התחשבנות לש"ח
A5: 01-01-2026 | B5: פיצה מתי קניון רחובות | C5: מסעדות, קפה וברים | D5: 7721 | E5: רגילה | F5: 22 | G5: ₪ | H5: 22 | I5: ₪ | J5: 02-02-2026 | O5: תשלום בנייד
A6: 01-01-2026 | B6: רבידים המרכז לחינוך ופיתו | C6: עירייה וממשלה | D6: 7721 | E6: רגילה | F6: 80 | G6: ₪ | H6: 80 | I6: ₪ | J6: 02-02-2026 | K6: הוראת קבע | O6: טלפוני
A7: 01-01-2026 | B7: KSP רחובות | C7: חשמל ומחשבים | D7: 7721 | E7: רגילה | F7: 72 | G7: ₪ | H7: 72 | I7: ₪ | J7: 02-02-2026 | O7: אינטרנט
A8: 01-01-2026 | B8: KSP רחובות | C8: חשמל ומחשבים | D8: 7721 | E8: רגילה | F8: 108 | G8: ₪ | H8: 108 | I8: ₪ | J8: 02-02-2026 | O8: אינטרנט
A9: 01-01-2026 | B9: WOLT | C9: מסעדות, קפה וברים | D9: 7721 | E9: רגילה | F9: 36.99 | G9: ₪ | H9: 36.99 | I9: ₪ | J9: 02-02-2026 | O9: טלפוני
A10: 01-01-2026 | B10: פיס פלוס -תו נטען | C10: פנאי, בידור וספורט | D10: 7721 | E10: רגילה | F10: 37.5 | G10: ₪ | H10: 37.5 | I10: ₪ | J10: 02-02-2026 | O10: טלפוני
A11: 01-01-2026 | B11: פיס פלוס -תו נטען | C11: פנאי, בידור וספורט | D11: 7721 | E11: רגילה | F11: 187.5 | G11: ₪ | H11: 187.5 | I11: ₪ | J11: 02-02-2026 | O11: טלפוני
A12: 01-01-2026 | B12: WOLT | C12: מסעדות, קפה וברים | D12: 7721 | E12: רגילה | F12: 49 | G12: ₪ | H12: 49 | I12: ₪ | J12: 02-02-2026 | O12: טלפוני
A13: 01-01-2026 | B13: הטבות פיס | C13: פנאי, בידור וספורט | D13: 7721 | E13: רגילה | F13: 26 | G13: ₪ | H13: 26 | I13: ₪ | J13: 02-02-2026 | O13: אינטרנט
A14: 01-01-2026 | B14: הטבות פיס פ. | C14: פנאי, בידור וספורט | D14: 7721 | E14: רגילה | F14: 135 | G14: ₪ | H14: 135 | I14: ₪ | J14: 02-02-2026 | O14: אינטרנט
A15: 01-01-2026 | B15: הטבות פיס פ. | C15: פנאי, בידור וספורט | D15: 7721 | E15: רגילה | F15: 99 | G15: ₪ | H15: 99 | I15: ₪ | J15: 02-02-2026 | O15: אינטרנט
A16: 01-01-2026 | B16: הטבות פיס פ. | C16: פנאי, בידור וספורט | D16: 7721 | E16: רגילה | F16: 150 | G16: ₪ | H16: 150 | I16: ₪ | J16: 02-02-2026 | O16: אינטרנט
A17: 01-01-2026 | B17: הטבות פיס פ. | C17: פנאי, בידור וספורט | D17: 7721 | E17: רגילה | F17: 118 | G17: ₪ | H17: 118 | I17: ₪ | J17: 02-02-2026 | O17: אינטרנט
A18: 02-01-2026 | B18: קפה לנדוור בע"מ | C18: מזון וצריכה | D18: 7721 | E18: רגילה | F18: 130 | G18: ₪ | H18: 130 | I18: ₪ | J18: 02-02-2026 | O18: אינטרנט
A19: 02-01-2026 | B19: פיצה מתי קניון רחובות | C19: מסעדות, קפה וברים | D19: 7721 | E19: רגילה | F19: 34 | G19: ₪ | H19: 34 | I19: ₪ | J19: 02-02-2026 | O19: תשלום בנייד
A20: 02-01-2026 | B20: צ'וקה רחובות | C20: מסעדות, קפה וברים | D20: 7721 | E20: רגילה | F20: 15 | G20: ₪ | H20: 15 | I20: ₪ | J20: 02-02-2026
A21: 02-01-2026 | B21: ביגה ראשונים | C21: מסעדות, קפה וברים | D21: 7721 | E21: רגילה | F21: 38.8 | G21: ₪ | H21: 40 | I21: ₪ | J21: 02-02-2026 | M21: הנחת מועדון: הנחות + -1.2 ₪
A22: 02-01-2026 | B22: הטבות פיס פ. | C22: פנאי, בידור וספורט | D22: 7721 | E22: רגילה | F22: 50 | G22: ₪ | H22: 50 | I22: ₪ | J22: 02-02-2026 | O22: אינטרנט
A23: 02-01-2026 | B23: הטבות פיס פ. | C23: פנאי, בידור וספורט | D23: 7721 | E23: רגילה | F23: 190 | G23: ₪ | H23: 190 | I23: ₪ | J23: 02-02-2026 | O23: אינטרנט
A24: 02-01-2026 | B24: אורבן קופיקס בע"מ רחובות | C24: מסעדות, קפה וברים | D24: 7721 | E24: רגילה | F24: 8 | G24: ₪ | H24: 8 | I24: ₪ | J24: 02-02-2026 | O24: תשלום בנייד
A25: 02-01-2026 | B25: WOLT | C25: מסעדות, קפה וברים | D25: 7721 | E25: רגילה | F25: 10.1 | G25: ₪ | H25: 10.1 | I25: ₪ | J25: 02-02-2026 | O25: טלפוני
A26: 02-01-2026 | B26: פיס פלוס -תו נטען | C26: פנאי, בידור וספורט | D26: 7721 | E26: רגילה | F26: 37.5 | G26: ₪ | H26: 37.5 | I26: ₪ | J26: 02-02-2026 | O26: טלפוני
A27: 03-01-2026 | B27: ביחד בשבילך | C27: פנאי, בידור וספורט | D27: 7721 | E27: רגילה | F27: 76 | G27: ₪ | H27: 76 | I27: ₪ | J27: 02-02-2026 | O27: טלפוני
A28: 03-01-2026 | B28: סופרפארם אונליין | C28: רפואה ובתי מרקחת | D28: 7721 | E28: רגילה | F28: 50.83 | G28: ₪ | H28: 50.83 | I28: ₪ | J28: 02-02-2026 | O28: אינטרנט
A29: 03-01-2026 | B29: מקדונלדס APPLE/GOOGLE PAY | C29: מסעדות, קפה וברים | D29: 7721 | E29: רגילה | F29: 15 | G29: ₪ | H29: 15 | I29: ₪ | J29: 02-02-2026 | O29: אינטרנט
A30: 03-01-2026 | B30: הטבות פיס | C30: פנאי, בידור וספורט | D30: 7721 | E30: רגילה | F30: 34 | G30: ₪ | H30: 34 | I30: ₪ | J30: 02-02-2026 | O30: אינטרנט
A31: 04-01-2026 | B31: מאוחדת פארם אונליין | C31: רפואה ובתי מרקחת | D31: 7721 | E31: רגילה | F31: 20.22 | G31: ₪ | H31: 20.22 | I31: ₪ | J31: 02-02-2026 | O31: טלפוני
A32: 04-01-2026 | B32: WOLT | C32: מסעדות, קפה וברים | D32: 7721 | E32: רגילה | F32: 56.12 | G32: ₪ | H32: 56.12 | I32: ₪ | J32: 02-02-2026 | O32: טלפוני
A33: 04-01-2026 | B33: הטבות פיס פ. | C33: פנאי, בידור וספורט | D33: 7721 | E33: רגילה | F33: 190 | G33: ₪ | H33: 190 | I33: ₪ | J33: 02-02-2026 | O33: אינטרנט
A34: 04-01-2026 | B34: דקטלון יישראל בעמ | C34: אופנה | D34: 7721 | E34: רגילה | F34: 59 | G34: ₪ | H34: 59 | I34: ₪ | J34: 02-02-2026 | O34: טלפוני
A35: 05-01-2026 | B35: חברת פרטנר תקשורת בע"מ (ה | C35: שירותי תקשורת | D35: 7721 | E35: רגילה | F35: 146.57 | G35: ₪ | H35: 146.57 | I35: ₪ | J35: 02-02-2026 | K35: הוראת קבע | O35: טלפוני
A36: 05-01-2026 | B36: מרקט בעיר מפגש השיח | C36: מזון וצריכה | D36: 7721 | E36: רגילה | F36: 2.9 | G36: ₪ | H36: 2.9 | I36: ₪ | J36: 02-02-2026
A37: 05-01-2026 | B37: WOLT | C37: מסעדות, קפה וברים | D37: 7721 | E37: רגילה | F37: 73.5 | G37: ₪ | H37: 73.5 | I37: ₪ | J37: 02-02-2026 | O37: טלפוני
A38: 06-01-2026 | B38: WOLT | C38: מסעדות, קפה וברים | D38: 7721 | E38: רגילה | F38: 65.1 | G38: ₪ | H38: 65.1 | I38: ₪ | J38: 02-02-2026 | O38: טלפוני
A39: 06-01-2026 | B39: WOLT | C39: מסעדות, קפה וברים | D39: 7721 | E39: רגילה | F39: 34.56 | G39: ₪ | H39: 34.56 | I39: ₪ | J39: 02-02-2026 | O39: טלפוני
A40: 07-01-2026 | B40: סופר טוב והמיטיב גולומב | C40: מזון וצריכה | D40: 7721 | E40: רגילה | F40: 8.9 | G40: ₪ | H40: 8.9 | I40: ₪ | J40: 02-02-2026
A41: 07-01-2026 | B41: מאוחדת פארם אונליין | C41: רפואה ובתי מרקחת | D41: 7721 | E41: רגילה | F41: 214.17 | G41: ₪ | H41: 214.17 | I41: ₪ | J41: 02-02-2026 | O41: טלפוני
A42: 07-01-2026 | B42: עירית רחובות אינטרנט | C42: עירייה וממשלה | D42: 7721 | E42: רגילה | F42: 67.1 | G42: ₪ | H42: 67.1 | I42: ₪ | J42: 02-02-2026 | O42: טלפוני
A43: 08-01-2026 | B43: פרי טיוי | C43: שירותי תקשורת | D43: 7721 | E43: רגילה | F43: 39.9 | G43: ₪ | H43: 39.9 | I43: ₪ | J43: 02-02-2026 | K43: הוראת קבע | O43: טלפוני
A44: 08-01-2026 | B44: תאיו | C44: מסעדות, קפה וברים | D44: 7721 | E44: רגילה | F44: 193 | G44: ₪ | H44: 193 | I44: ₪ | J44: 02-02-2026
A45: 08-01-2026 | B45: חברת החשמל לישראל בע"מ | C45: דלק, חשמל וגז | D45: 7721 | E45: רגילה | F45: 331.8 | G45: ₪ | H45: 331.8 | I45: ₪ | J45: 02-02-2026 | O45: אינטרנט
A46: 08-01-2026 | B46: WOLT | C46: מסעדות, קפה וברים | D46: 7721 | E46: רגילה | F46: 87.15 | G46: ₪ | H46: 87.15 | I46: ₪ | J46: 02-02-2026 | O46: טלפוני
A47: 08-01-2026 | B47: WOLT | C47: מסעדות, קפה וברים | D47: 7721 | E47: רגילה | F47: 57.88 | G47: ₪ | H47: 57.88 | I47: ₪ | J47: 02-02-2026 | O47: טלפוני
A48: 09-01-2026 | B48: הטבות פיס | C48: פנאי, בידור וספורט | D48: 7721 | E48: רגילה | F48: 20 | G48: ₪ | H48: 20 | I48: ₪ | J48: 02-02-2026 | O48: אינטרנט
A49: 09-01-2026 | B49: WOLT | C49: מסעדות, קפה וברים | D49: 7721 | E49: רגילה | F49: 69.6 | G49: ₪ | H49: 69.6 | I49: ₪ | J49: 02-02-2026 | O49: טלפוני
A50: 09-01-2026 | B50: WOLT | C50: מסעדות, קפה וברים | D50: 7721 | E50: רגילה | F50: 5 | G50: ₪ | H50: 5 | I50: ₪ | J50: 02-02-2026 | O50: טלפוני
A51: 10-01-2026 | B51: ביחד בשבילך | C51: פנאי, בידור וספורט | D51: 7721 | E51: רגילה | F51: 28 | G51: ₪ | H51: 28 | I51: ₪ | J51: 02-02-2026 | O51: טלפוני
A52: 10-01-2026 | B52: תיאטרון הילדים הישראלי | C52: פנאי, בידור וספורט | D52: 7721 | E52: רגילה | F52: 180 | G52: ₪ | H52: 180 | I52: ₪ | J52: 02-02-2026
A53: 10-01-2026 | B53: WOLT | C53: מסעדות, קפה וברים | D53: 7721 | E53: רגילה | F53: 68.25 | G53: ₪ | H53: 68.25 | I53: ₪ | J53: 02-02-2026 | O53: טלפוני
A54: 10-01-2026 | B54: WOLT | C54: מסעדות, קפה וברים | D54: 7721 | E54: רגילה | F54: 162.9 | G54: ₪ | H54: 162.9 | I54: ₪ | J54: 02-02-2026 | O54: טלפוני
A55: 10-01-2026 | B55: WOLT | C55: מסעדות, קפה וברים | D55: 7721 | E55: רגילה | F55: 122.2 | G55: ₪ | H55: 122.2 | I55: ₪ | J55: 02-02-2026 | O55: טלפוני
A56: 11-01-2026 | B56: WOLT | C56: מסעדות, קפה וברים | D56: 7721 | E56: רגילה | F56: 72.45 | G56: ₪ | H56: 72.45 | I56: ₪ | J56: 02-02-2026 | O56: טלפוני
A57: 11-01-2026 | B57: WOLT | C57: מסעדות, קפה וברים | D57: 7721 | E57: רגילה | F57: 79.97 | G57: ₪ | H57: 79.97 | I57: ₪ | J57: 02-02-2026 | O57: טלפוני
A58: 11-01-2026 | B58: קפה עלית און ליין | C58: מסעדות, קפה וברים | D58: 7721 | E58: רגילה | F58: 25.5 | G58: ₪ | H58: 25.5 | I58: ₪ | J58: 02-02-2026 | O58: אינטרנט
A59: 12-01-2026 | B59: רולדין | C59: מסעדות, קפה וברים | D59: 7721 | E59: רגילה | F59: 22.5 | G59: ₪ | H59: 22.5 | I59: ₪ | J59: 02-02-2026
A60: 12-01-2026 | B60: סופר-פארם מרכז הנשיא רחוב | C60: רפואה ובתי מרקחת | D60: 7721 | E60: רגילה | F60: 24.9 | G60: ₪ | H60: 24.9 | I60: ₪ | J60: 02-02-2026
A61: 12-01-2026 | B61: WOLT | C61: מסעדות, קפה וברים | D61: 7721 | E61: רגילה | F61: 72.45 | G61: ₪ | H61: 72.45 | I61: ₪ | J61: 02-02-2026 | O61: טלפוני
A62: 13-01-2026 | B62: WOLT | C62: מסעדות, קפה וברים | D62: 7721 | E62: רגילה | F62: 68.25 | G62: ₪ | H62: 68.25 | I62: ₪ | J62: 02-02-2026 | O62: טלפוני
A63: 13-01-2026 | B63: WOLT | C63: מסעדות, קפה וברים | D63: 7721 | E63: רגילה | F63: 154.7 | G63: ₪ | H63: 154.7 | I63: ₪ | J63: 02-02-2026 | O63: טלפוני
A64: 13-01-2026 | B64: הבאר השלישית. | C64: עירייה וממשלה | D64: 7721 | E64: רגילה | F64: 78.07 | G64: ₪ | H64: 78.07 | I64: ₪ | J64: 02-02-2026 | O64: טלפוני
A65: 13-01-2026 | B65: פיס פלוס -תו נטען | C65: פנאי, בידור וספורט | D65: 7721 | E65: רגילה | F65: 90 | G65: ₪ | H65: 90 | I65: ₪ | J65: 02-02-2026 | O65: טלפוני
A66: 14-01-2026 | B66: סופר טוב והמיטיב גולומב | C66: מזון וצריכה | D66: 7721 | E66: רגילה | F66: 14 | G66: ₪ | H66: 14 | I66: ₪ | J66: 02-02-2026
A67: 14-01-2026 | B67: ביהס בגין | C67: עירייה וממשלה | D67: 7721 | E67: רגילה | F67: 124 | G67: ₪ | H67: 124 | I67: ₪ | J67: 02-02-2026 | O67: טלפוני
A68: 14-01-2026 | B68: WOLT | C68: מסעדות, קפה וברים | D68: 7721 | E68: רגילה | F68: 48.45 | G68: ₪ | H68: 48.45 | I68: ₪ | J68: 02-02-2026 | O68: טלפוני
A69: 14-01-2026 | B69: WOLT | C69: מסעדות, קפה וברים | D69: 7721 | E69: רגילה | F69: 100.8 | G69: ₪ | H69: 100.8 | I69: ₪ | J69: 02-02-2026 | O69: טלפוני
A70: 14-01-2026 | B70: WOLT | C70: מסעדות, קפה וברים | D70: 7721 | E70: רגילה | F70: 48 | G70: ₪ | H70: 48 | I70: ₪ | J70: 02-02-2026 | O70: טלפוני
A71: 14-01-2026 | B71: הטבות פיס | C71: פנאי, בידור וספורט | D71: 7721 | E71: רגילה | F71: 20 | G71: ₪ | H71: 20 | I71: ₪ | J71: 02-02-2026 | O71: טלפוני
A72: 15-01-2026 | B72: מ.מ.גדרה - קנסות | C72: עירייה וממשלה | D72: 7721 | E72: רגילה | F72: 250 | G72: ₪ | H72: 250 | I72: ₪ | J72: 02-02-2026 | O72: טלפוני
A73: 15-01-2026 | B73: WOLT | C73: מסעדות, קפה וברים | D73: 7721 | E73: רגילה | F73: 94.5 | G73: ₪ | H73: 94.5 | I73: ₪ | J73: 02-02-2026 | O73: טלפוני
A74: 16-01-2026 | B74: ביחד בשבילך | C74: פנאי, בידור וספורט | D74: 7721 | E74: רגילה | F74: 30 | G74: ₪ | H74: 30 | I74: ₪ | J74: 02-02-2026 | O74: טלפוני
A75: 16-01-2026 | B75: ביחד בשבילך | C75: פנאי, בידור וספורט | D75: 7721 | E75: רגילה | F75: -30 | G75: ₪ | H75: 30 | I75: ₪ | J75: 02-02-2026 | K75: ביטול עסקה | O75: טלפוני
A76: 16-01-2026 | B76: מאוחדת שיניים | C76: רפואה ובתי מרקחת | D76: 7721 | E76: רגילה | F76: 136 | G76: ₪ | H76: 136 | I76: ₪ | J76: 02-02-2026
A77: 16-01-2026 | B77: WOLT | C77: מסעדות, קפה וברים | D77: 7721 | E77: רגילה | F77: 94.45 | G77: ₪ | H77: 94.45 | I77: ₪ | J77: 02-02-2026 | O77: טלפוני
A78: 16-01-2026 | B78: הטבות פיס | C78: פנאי, בידור וספורט | D78: 7721 | E78: רגילה | F78: 14 | G78: ₪ | H78: 14 | I78: ₪ | J78: 02-02-2026 | O78: טלפוני
A79: 17-01-2026 | B79: משרד התחבורה - רשיונות רכ | C79: עירייה וממשלה | D79: 7721 | E79: רגילה | F79: 30 | G79: ₪ | H79: 30 | I79: ₪ | J79: 02-02-2026 | O79: אינטרנט
A80: 17-01-2026 | B80: בנדיקט בילו | C80: מסעדות, קפה וברים | D80: 7721 | E80: רגילה | F80: 155 | G80: ₪ | H80: 155 | I80: ₪ | J80: 02-02-2026
A81: 17-01-2026 | B81: WOLT | C81: מסעדות, קפה וברים | D81: 7721 | E81: רגילה | F81: 25.9 | G81: ₪ | H81: 25.9 | I81: ₪ | J81: 02-02-2026 | O81: טלפוני
A82: 17-01-2026 | B82: WOLT | C82: מסעדות, קפה וברים | D82: 7721 | E82: רגילה | F82: 52.9 | G82: ₪ | H82: 52.9 | I82: ₪ | J82: 02-02-2026 | O82: טלפוני
A83: 17-01-2026 | B83: הטבות פיס פ. | C83: פנאי, בידור וספורט | D83: 7721 | E83: רגילה | F83: 190 | G83: ₪ | H83: 190 | I83: ₪ | J83: 02-02-2026 | O83: אינטרנט
A84: 18-01-2026 | B84: הטבות פיס פ. | C84: פנאי, בידור וספורט | D84: 7721 | E84: רגילה | F84: 190 | G84: ₪ | H84: 190 | I84: ₪ | J84: 02-02-2026 | O84: אינטרנט
A85: 18-01-2026 | B85: WOLT | C85: מסעדות, קפה וברים | D85: 7721 | E85: רגילה | F85: 36.98 | G85: ₪ | H85: 36.98 | I85: ₪ | J85: 02-02-2026 | O85: טלפוני
A86: 18-01-2026 | B86: WOLT | C86: מסעדות, קפה וברים | D86: 7721 | E86: רגילה | F86: 67 | G86: ₪ | H86: 67 | I86: ₪ | J86: 02-02-2026 | O86: טלפוני
A87: 18-01-2026 | B87: BIT | C87: העברת כספים | D87: 7721 | E87: רגילה | F87: 150 | G87: ₪ | H87: 150 | I87: ₪ | J87: 02-02-2026 | K87: למי: אלמוג טאתי | O87: אינטרנט
A88: 18-01-2026 | B88: BIT | C88: העברת כספים | D88: 7721 | E88: רגילה | F88: 90 | G88: ₪ | H88: 90 | I88: ₪ | J88: 02-02-2026 | K88: למי: דינה כהן | O88: אינטרנט
A89: 19-01-2026 | B89: העברה ב BIT בנה"פ | C89: העברת כספים | D89: 7721 | E89: רגילה | F89: 150 | G89: ₪ | H89: 150 | I89: ₪ | J89: 02-02-2026 | K89: למי: אורי גל סעדיה | O89: טלפוני
A90: 19-01-2026 | B90: WOLT | C90: מסעדות, קפה וברים | D90: 7721 | E90: רגילה | F90: 80.25 | G90: ₪ | H90: 80.25 | I90: ₪ | J90: 02-02-2026 | O90: טלפוני
A91: 19-01-2026 | B91: WOLT | C91: מסעדות, קפה וברים | D91: 7721 | E91: רגילה | F91: 72.45 | G91: ₪ | H91: 72.45 | I91: ₪ | J91: 02-02-2026 | O91: טלפוני
A92: 20-01-2026 | B92: רולדין קניון רחובות | C92: מסעדות, קפה וברים | D92: 7721 | E92: רגילה | F92: 18.5 | G92: ₪ | H92: 18.5 | I92: ₪ | J92: 02-02-2026 | O92: תשלום בנייד
A93: 20-01-2026 | B93: סופר טוב והמיטיב גולומב | C93: מזון וצריכה | D93: 7721 | E93: רגילה | F93: 29.9 | G93: ₪ | H93: 29.9 | I93: ₪ | J93: 02-02-2026
A94: 20-01-2026 | B94: ויקטורי חניון רמת גן | C94: מזון וצריכה | D94: 7721 | E94: רגילה | F94: 57 | G94: ₪ | H94: 57 | I94: ₪ | J94: 02-02-2026
A95: 20-01-2026 | B95: מרקט בעיר מפגש השיח | C95: מזון וצריכה | D95: 7721 | E95: רגילה | F95: 10.8 | G95: ₪ | H95: 10.8 | I95: ₪ | J95: 02-02-2026
A96: 20-01-2026 | B96: פיצה מתי קניון רחובות | C96: מסעדות, קפה וברים | D96: 7721 | E96: רגילה | F96: 22 | G96: ₪ | H96: 22 | I96: ₪ | J96: 02-02-2026 | O96: תשלום בנייד
A97: 20-01-2026 | B97: WOLT | C97: מסעדות, קפה וברים | D97: 7721 | E97: רגילה | F97: 163.58 | G97: ₪ | H97: 163.58 | I97: ₪ | J97: 02-02-2026 | O97: טלפוני
A98: 20-01-2026 | B98: WOLT | C98: מסעדות, קפה וברים | D98: 7721 | E98: רגילה | F98: 67.2 | G98: ₪ | H98: 67.2 | I98: ₪ | J98: 02-02-2026 | O98: טלפוני
A99: 20-01-2026 | B99: פיס פלוס -תו נטען | C99: פנאי, בידור וספורט | D99: 7721 | E99: רגילה | F99: 37.5 | G99: ₪ | H99: 37.5 | I99: ₪ | J99: 02-02-2026 | O99: טלפוני
A100: 20-01-2026 | B100: פיס פלוס -תו נטען | C100: פנאי, בידור וספורט | D100: 7721 | E100: רגילה | F100: 150 | G100: ₪ | H100: 150 | I100: ₪ | J100: 02-02-2026 | O100: טלפוני
...

Sheet אשראי-2
A1: כל המשתמשים (1)
A2: כל הכרטיסים (1)
A3: 02/2026
A4: תאריך עסקה | B4: שם בית העסק | C4: קטגוריה | D4: 4 ספרות אחרונות של כרטיס האשראי | E4: סוג עסקה | F4: סכום חיוב | G4: מטבע חיוב | H4: סכום עסקה מקורי | I4: מטבע עסקה מקורי | J4: תאריך חיוב | K4: הערות | L4: תיוגים | M4: מועדון הנחות | N4: מפתח דיסקונט | O4: אופן ביצוע ההעסקה | P4: שער המרה ממטבע מקור/התחשבנות לש"ח
A5: 04-01-2026 | B5: NETFLIX.COM AMSTERDAM NL | C5: שירותי תקשורת | D5: 7721 | E5: חיוב עסקות מיידי | F5: 32.9 | G5: ₪ | H5: 32.9 | I5: ₪ | J5: 06-01-2026 | K5: חיוב עסקת חו"ל בש"ח | O5: אינטרנט
A6: 06-01-2026 | B6: PAYPAL *TEMU 83121237 AU | C6: עיצוב הבית | D6: 7721 | E6: חיוב עסקות מיידי | F6: 141.33 | G6: ₪ | H6: 141.33 | I6: ₪ | J6: 11-01-2026 | K6: חיוב עסקת חו"ל בש"ח | O6: אינטרנט
A7: 07-01-2026 | B7: DISNEY PLUS LONDON GB | C7: שירותי תקשורת | D7: 7721 | E7: חיוב עסקות מיידי | F7: 49.9 | G7: ₪ | H7: 49.9 | I7: ₪ | J7: 09-01-2026 | K7: חיוב עסקת חו"ל בש"ח | O7: אינטרנט
A8: 12-01-2026 | B8: DATENIGHT* CORONACRSH DATENIGHT.AI US | C8: פנאי, בידור וספורט | D8: 7721 | E8: חיוב עסקות מיידי | F8: 50 | G8: ₪ | H8: 50 | I8: ₪ | J8: 14-01-2026 | K8: חיוב עסקת חו"ל בש"ח | O8: אינטרנט
A9: 18-01-2026 | B9: HELP.HBOMAX.COM AMSTERDAM NL | C9: פנאי, בידור וספורט | D9: 7721 | E9: חיוב עסקות מיידי | F9: 49.9 | G9: ₪ | H9: 49.9 | I9: ₪ | J9: 20-01-2026 | K9: חיוב עסקת חו"ל בש"ח | O9: אינטרנט
A10: 20-01-2026 | B10: APPLE.COM/BILL ITUNES.COM IE | C10: פנאי, בידור וספורט | D10: 7721 | E10: חיוב עסקות מיידי | F10: 3.9 | G10: ₪ | H10: 3.9 | I10: ₪ | J10: 21-01-2026 | K10: חיוב עסקת חו"ל בש"ח | O10: אינטרנט
A11: 29-01-2026 | B11: GOOGLE YOUTUBEPREMIUM 650-2530000 US | C11: פנאי, בידור וספורט | D11: 7721 | E11: חיוב עסקות מיידי | F11: 45.9 | G11: ₪ | H11: 45.9 | I11: ₪ | J11: 01-02-2026 | K11: חיוב עסקת חו"ל בש"ח | O11: אינטרנט
A12: סך הכל
A13: 373.83₪

Sheet אשראי-3
A1: כל המשתמשים (1)
A2: כל הכרטיסים (1)
A3: 02/2026
A4: תאריך עסקה | B4: שם בית העסק | C4: קטגוריה | D4: 4 ספרות אחרונות של כרטיס האשראי | E4: סוג עסקה | F4: סכום חיוב | G4: מטבע חיוב | H4: סכום עסקה מקורי | I4: מטבע עסקה מקורי | J4: תאריך חיוב | K4: הערות | L4: תיוגים | M4: מועדון הנחות | N4: מפתח דיסקונט | O4: אופן ביצוע ההעסקה | P4: שער המרה ממטבע מקור/התחשבנות לש"ח
A5: 14-01-2026 | B5: כספומט הטוב והמ רחובות | C5: משיכת מזומן | D5: 7721 | E5: חיוב עסקות מיידי | F5: 207.9 | G5: ₪ | H5: 207.9 | I5: ₪ | J5: 15-01-2026 | O5: בנוכחות כרטיס
A6: 21-01-2026 | B6: כספומט לאומי ביצוע | C6: משיכת מזומן | D6: 7721 | E6: חיוב עסקות מיידי | F6: 156.95 | G6: ₪ | H6: 156.95 | I6: ₪ | J6: 22-01-2026 | O6: בנוכחות כרטיס
A7: סך הכל
A8: 364.85₪

Sheet אשראי-4
A1: כל המשתמשים (1)
A2: כל הכרטיסים (1)
A3: 05/2026
A4: תאריך עסקה | B4: שם בית העסק | C4: קטגוריה | D4: 4 ספרות אחרונות של כרטיס האשראי | E4: סוג עסקה | F4: סכום חיוב | G4: מטבע חיוב | H4: סכום עסקה מקורי | I4: מטבע עסקה מקורי | J4: תאריך חיוב | K4: הערות | L4: תיוגים | M4: מועדון הנחות | N4: מפתח דיסקונט | O4: אופן ביצוע ההעסקה | P4: שער המרה ממטבע מקור/התחשבנות לש"ח
A5: 28-01-2026 | B5: הפניקס רכב חובה | C5: ביטוח | D5: 7721 | E5: תשלומים | F5: 134 | G5: ₪ | H5: 1343 | I5: ₪ | J5: 03-05-2026 | K5: תשלום 4 מתוך 10 | O5: טלפוני
A6: 03-02-2026 | B6: כהן ויטוס- 360 | C6: שונות | D6: 7721 | E6: תשלומים | F6: 304.83 | G6: ₪ | H6: 3658 | I6: ₪ | J6: 03-05-2026 | K6: תשלום 3 מתוך 12 | O6: טלפוני
A7: 20-02-2026 | B7: מאור | C7: טיסות ותיירות | D7: 7721 | E7: תשלומים | F7: 580 | G7: ₪ | H7: 5800 | I7: ₪ | J7: 03-05-2026 | K7: תשלום 3 מתוך 10 | O7: טלפוני
A8: 01-04-2026 | B8: WOLT | C8: מסעדות, קפה וברים | D8: 7721 | E8: רגילה | F8: 55.35 | G8: ₪ | H8: 55.35 | I8: ₪ | J8: 03-05-2026 | O8: טלפוני
A9: 01-04-2026 | B9: WOLT | C9: מסעדות, קפה וברים | D9: 7721 | E9: רגילה | F9: 29 | G9: ₪ | H9: 29 | I9: ₪ | J9: 03-05-2026 | O9: טלפוני
A10: 01-04-2026 | B10: הטבות פיס | C10: פנאי, בידור וספורט | D10: 7721 | E10: רגילה | F10: 15 | G10: ₪ | H10: 15 | I10: ₪ | J10: 03-05-2026 | O10: אינטרנט
A11: 01-04-2026 | B11: הטבות פיס | C11: פנאי, בידור וספורט | D11: 7721 | E11: רגילה | F11: 11 | G11: ₪ | H11: 11 | I11: ₪ | J11: 03-05-2026 | O11: אינטרנט
A12: 01-04-2026 | B12: הטבות פיס פ. | C12: פנאי, בידור וספורט | D12: 7721 | E12: רגילה | F12: 150 | G12: ₪ | H12: 150 | I12: ₪ | J12: 03-05-2026 | O12: אינטרנט
A13: 02-04-2026 | B13: פאפא ג'ונס נתניה | C13: מסעדות, קפה וברים | D13: 7721 | E13: רגילה | F13: 107.7 | G13: ₪ | H13: 107.7 | I13: ₪ | J13: 03-05-2026 | O13: טלפוני
A14: 02-04-2026 | B14: היי מאמי הו"ק | C14: העברת כספים | D14: 7721 | E14: רגילה | F14: 49 | G14: ₪ | H14: 49 | I14: ₪ | J14: 03-05-2026 | K14: הוראת קבע | O14: טלפוני
A15: 02-04-2026 | B15: הטבות פיס | C15: פנאי, בידור וספורט | D15: 7721 | E15: רגילה | F15: 48 | G15: ₪ | H15: 48 | I15: ₪ | J15: 03-05-2026 | O15: אינטרנט
A16: 02-04-2026 | B16: כיכר מרקט | C16: מזון וצריכה | D16: 7721 | E16: רגילה | F16: 9 | G16: ₪ | H16: 9 | I16: ₪ | J16: 03-05-2026
A17: 02-04-2026 | B17: מובילנד בתי קולנוע בעמ | C17: פנאי, בידור וספורט | D17: 7721 | E17: רגילה | F17: 9 | G17: ₪ | H17: 9 | I17: ₪ | J17: 03-05-2026 | O17: טלפוני
A18: 03-04-2026 | B18: ביוטיקייר קניון השרון | C18: קוסמטיקה וטיפוח | D18: 7721 | E18: רגילה | F18: 28.81 | G18: ₪ | H18: 28.81 | I18: ₪ | J18: 03-05-2026
A19: 03-04-2026 | B19: נאייקס ישראל מכונות אוטומ | C19: מזון וצריכה | D19: 7721 | E19: רגילה | F19: 20 | G19: ₪ | H19: 20 | I19: ₪ | J19: 03-05-2026
A20: 03-04-2026 | B20: העברה ב BIT בנה"פ | C20: העברת כספים | D20: 7721 | E20: רגילה | F20: 17.5 | G20: ₪ | H20: 17.5 | I20: ₪ | J20: 03-05-2026 | K20: למי: אושרה וייסלר | O20: טלפוני
A21: 03-04-2026 | B21: המשביר נתניה השרון | C21: אופנה | D21: 7721 | E21: רגילה | F21: 18.99 | G21: ₪ | H21: 18.99 | I21: ₪ | J21: 03-05-2026
A22: 03-04-2026 | B22: מובילנד בתי קולנוע בעמ | C22: פנאי, בידור וספורט | D22: 7721 | E22: רגילה | F22: 13 | G22: ₪ | H22: 13 | I22: ₪ | J22: 03-05-2026
A23: 03-04-2026 | B23: WOLT | C23: מסעדות, קפה וברים | D23: 7721 | E23: רגילה | F23: 57.54 | G23: ₪ | H23: 57.54 | I23: ₪ | J23: 03-05-2026 | O23: טלפוני
A24: 03-04-2026 | B24: הטבות פיס | C24: פנאי, בידור וספורט | D24: 7721 | E24: רגילה | F24: 15 | G24: ₪ | H24: 15 | I24: ₪ | J24: 03-05-2026 | O24: אינטרנט
A25: 03-04-2026 | B25: גולדה יכין סנטר | C25: מזון וצריכה | D25: 7721 | E25: רגילה | F25: 22 | G25: ₪ | H25: 22 | I25: ₪ | J25: 03-05-2026
A26: 03-04-2026 | B26: גולדה יכין סנטר | C26: מזון וצריכה | D26: 7721 | E26: רגילה | F26: 6 | G26: ₪ | H26: 6 | I26: ₪ | J26: 03-05-2026
A27: 04-04-2026 | B27: GETT | C27: תחבורה ורכבים | D27: 7721 | E27: רגילה | F27: 107.4 | G27: ₪ | H27: 107.4 | I27: ₪ | J27: 03-05-2026 | O27: טלפוני
A28: 04-04-2026 | B28: WOLT | C28: מסעדות, קפה וברים | D28: 7721 | E28: רגילה | F28: 67.4 | G28: ₪ | H28: 67.4 | I28: ₪ | J28: 03-05-2026 | O28: טלפוני
A29: 05-04-2026 | B29: חברת פרטנר תקשורת בע"מ (ה | C29: שירותי תקשורת | D29: 7721 | E29: רגילה | F29: 172.98 | G29: ₪ | H29: 172.98 | I29: ₪ | J29: 03-05-2026 | K29: הוראת קבע | O29: טלפוני
A30: 05-04-2026 | B30: סופר פארם רחובות | C30: רפואה ובתי מרקחת | D30: 7721 | E30: רגילה | F30: 52.8 | G30: ₪ | H30: 52.8 | I30: ₪ | J30: 03-05-2026
A31: 05-04-2026 | B31: ארנק נטען מועדון ביחד בשב | C31: פנאי, בידור וספורט | D31: 7721 | E31: רגילה | F31: 30 | G31: ₪ | H31: 30 | I31: ₪ | J31: 03-05-2026 | O31: טלפוני
A32: 05-04-2026 | B32: ביוטיקייר רחובות | C32: קוסמטיקה וטיפוח | D32: 7721 | E32: רגילה | F32: 3 | G32: ₪ | H32: 3 | I32: ₪ | J32: 03-05-2026
A33: 05-04-2026 | B33: מרקט בעיר מפגש השיח | C33: מזון וצריכה | D33: 7721 | E33: רגילה | F33: 20.25 | G33: ₪ | H33: 20.25 | I33: ₪ | J33: 03-05-2026
A34: 05-04-2026 | B34: העברה ב BIT בנה"פ | C34: העברת כספים | D34: 7721 | E34: רגילה | F34: 141.6 | G34: ₪ | H34: 141.6 | I34: ₪ | J34: 03-05-2026 | K34: למי: אסתר יאיר בוקרה | O34: טלפוני
A35: 05-04-2026 | B35: WOLT | C35: מסעדות, קפה וברים | D35: 7721 | E35: רגילה | F35: 96.9 | G35: ₪ | H35: 96.9 | I35: ₪ | J35: 03-05-2026 | O35: טלפוני
A36: 05-04-2026 | B36: WOLT | C36: מסעדות, קפה וברים | D36: 7721 | E36: רגילה | F36: 22.45 | G36: ₪ | H36: 22.45 | I36: ₪ | J36: 03-05-2026 | O36: טלפוני
A37: 05-04-2026 | B37: פיס פלוס -תו נטען | C37: פנאי, בידור וספורט | D37: 7721 | E37: רגילה | F37: 37.5 | G37: ₪ | H37: 37.5 | I37: ₪ | J37: 03-05-2026 | O37: טלפוני
A38: 05-04-2026 | B38: הטבות פיס פ. | C38: פנאי, בידור וספורט | D38: 7721 | E38: רגילה | F38: 190 | G38: ₪ | H38: 190 | I38: ₪ | J38: 03-05-2026 | O38: טלפוני
A39: 05-04-2026 | B39: KSP רחובות | C39: חשמל ומחשבים | D39: 7721 | E39: רגילה | F39: 45 | G39: ₪ | H39: 45 | I39: ₪ | J39: 03-05-2026 | O39: אינטרנט
A40: 06-04-2026 | B40: WOLT | C40: מסעדות, קפה וברים | D40: 7721 | E40: רגילה | F40: 97.65 | G40: ₪ | H40: 97.65 | I40: ₪ | J40: 03-05-2026 | O40: טלפוני
A41: 07-04-2026 | B41: WOLT | C41: מסעדות, קפה וברים | D41: 7721 | E41: רגילה | F41: 128.36 | G41: ₪ | H41: 128.36 | I41: ₪ | J41: 03-05-2026 | O41: טלפוני
A42: 08-04-2026 | B42: נאפיס בילו | C42: מסעדות, קפה וברים | D42: 7721 | E42: רגילה | F42: 132 | G42: ₪ | H42: 132 | I42: ₪ | J42: 03-05-2026
A43: 09-04-2026 | B43: הוט סינימה רחובות | C43: פנאי, בידור וספורט | D43: 7721 | E43: רגילה | F43: 20 | G43: ₪ | H43: 20 | I43: ₪ | J43: 03-05-2026
A44: 09-04-2026 | B44: מרקט בעיר מפגש השיח | C44: מזון וצריכה | D44: 7721 | E44: רגילה | F44: 33.8 | G44: ₪ | H44: 33.8 | I44: ₪ | J44: 03-05-2026
A45: 09-04-2026 | B45: פיצה מתי קניון רחובות | C45: מסעדות, קפה וברים | D45: 7721 | E45: רגילה | F45: 22 | G45: ₪ | H45: 22 | I45: ₪ | J45: 03-05-2026 | O45: תשלום בנייד
A46: 09-04-2026 | B46: WOLT | C46: מסעדות, קפה וברים | D46: 7721 | E46: רגילה | F46: 103.8 | G46: ₪ | H46: 103.8 | I46: ₪ | J46: 03-05-2026 | O46: טלפוני
A47: 09-04-2026 | B47: הטבות פיס | C47: פנאי, בידור וספורט | D47: 7721 | E47: רגילה | F47: 15 | G47: ₪ | H47: 15 | I47: ₪ | J47: 03-05-2026 | O47: אינטרנט
A48: 09-04-2026 | B48: הטבות פיס | C48: פנאי, בידור וספורט | D48: 7721 | E48: רגילה | F48: 18 | G48: ₪ | H48: 18 | I48: ₪ | J48: 03-05-2026 | O48: אינטרנט
A49: 09-04-2026 | B49: BIT | C49: העברת כספים | D49: 7721 | E49: רגילה | F49: 100 | G49: ₪ | H49: 100 | I49: ₪ | J49: 03-05-2026 | K49: למי: גפן רודה | O49: אינטרנט
A50: 10-04-2026 | B50: ארומה אפליקציה | C50: מסעדות, קפה וברים | D50: 7721 | E50: רגילה | F50: 23.3 | G50: ₪ | H50: 23.3 | I50: ₪ | J50: 03-05-2026 | O50: טלפוני
A51: 10-04-2026 | B51: רולדין | C51: מסעדות, קפה וברים | D51: 7721 | E51: רגילה | F51: 26 | G51: ₪ | H51: 26 | I51: ₪ | J51: 03-05-2026 | O51: תשלום בנייד
A52: 10-04-2026 | B52: WOLT | C52: מסעדות, קפה וברים | D52: 7721 | E52: רגילה | F52: 71.8 | G52: ₪ | H52: 71.8 | I52: ₪ | J52: 03-05-2026 | O52: טלפוני
A53: 10-04-2026 | B53: WOLT | C53: מסעדות, קפה וברים | D53: 7721 | E53: רגילה | F53: 149.7 | G53: ₪ | H53: 149.7 | I53: ₪ | J53: 03-05-2026 | O53: טלפוני
A54: 11-04-2026 | B54: סופר פארם רחובות | C54: רפואה ובתי מרקחת | D54: 7721 | E54: רגילה | F54: 54.7 | G54: ₪ | H54: 54.7 | I54: ₪ | J54: 03-05-2026
A55: 11-04-2026 | B55: HOME & MORE-ONLINE | C55: עיצוב הבית | D55: 7721 | E55: רגילה | F55: 67 | G55: ₪ | H55: 67 | I55: ₪ | J55: 03-05-2026 | O55: אינטרנט
A56: 11-04-2026 | B56: הטבות פיס | C56: פנאי, בידור וספורט | D56: 7721 | E56: רגילה | F56: 48 | G56: ₪ | H56: 48 | I56: ₪ | J56: 03-05-2026 | O56: אינטרנט
A57: 11-04-2026 | B57: הטבות פיס | C57: פנאי, בידור וספורט | D57: 7721 | E57: רגילה | F57: 15 | G57: ₪ | H57: 15 | I57: ₪ | J57: 03-05-2026 | O57: אינטרנט
A58: 11-04-2026 | B58: הטבות פיס | C58: פנאי, בידור וספורט | D58: 7721 | E58: רגילה | F58: 18 | G58: ₪ | H58: 18 | I58: ₪ | J58: 03-05-2026 | O58: אינטרנט
A59: 11-04-2026 | B59: פיס פלוס -תו נטען | C59: פנאי, בידור וספורט | D59: 7721 | E59: רגילה | F59: 37.5 | G59: ₪ | H59: 37.5 | I59: ₪ | J59: 03-05-2026 | O59: טלפוני
A60: 11-04-2026 | B60: WOLT | C60: מסעדות, קפה וברים | D60: 7721 | E60: רגילה | F60: 110.2 | G60: ₪ | H60: 110.2 | I60: ₪ | J60: 03-05-2026 | O60: טלפוני
A61: 11-04-2026 | B61: WOLT | C61: מסעדות, קפה וברים | D61: 7721 | E61: רגילה | F61: 120.02 | G61: ₪ | H61: 120.02 | I61: ₪ | J61: 03-05-2026 | O61: טלפוני
A62: 11-04-2026 | B62: מקדונלדס APPLE/GOOGLE PAY | C62: מסעדות, קפה וברים | D62: 7721 | E62: רגילה | F62: 3 | G62: ₪ | H62: 3 | I62: ₪ | J62: 03-05-2026 | O62: אינטרנט
A63: 12-04-2026 | B63: גולדה רחובות | C63: מסעדות, קפה וברים | D63: 7721 | E63: רגילה | F63: 22 | G63: ₪ | H63: 22 | I63: ₪ | J63: 03-05-2026
A64: 13-04-2026 | B64: פרי טיוי | C64: שירותי תקשורת | D64: 7721 | E64: רגילה | F64: 39.9 | G64: ₪ | H64: 39.9 | I64: ₪ | J64: 03-05-2026 | K64: הוראת קבע | O64: טלפוני
A65: 13-04-2026 | B65: ארומה אפליקציה | C65: מסעדות, קפה וברים | D65: 7721 | E65: רגילה | F65: 100 | G65: ₪ | H65: 100 | I65: ₪ | J65: 03-05-2026 | O65: אינטרנט
A66: 13-04-2026 | B66: סופר טוב והמיטיב גולומב | C66: מזון וצריכה | D66: 7721 | E66: רגילה | F66: 14 | G66: ₪ | H66: 14 | I66: ₪ | J66: 03-05-2026
A67: 13-04-2026 | B67: סינמה סיטי אתר | C67: פנאי, בידור וספורט | D67: 7721 | E67: רגילה | F67: 9.8 | G67: ₪ | H67: 9.8 | I67: ₪ | J67: 03-05-2026 | O67: טלפוני
A68: 13-04-2026 | B68: FRIENDS תרבות ישראלית | C68: פנאי, בידור וספורט | D68: 7721 | E68: רגילה | F68: -29 | G68: ₪ | H68: 29 | I68: ₪ | J68: 03-05-2026 | K68: ביטול עסקה | O68: טלפוני
A69: 13-04-2026 | B69: הטבות פיס | C69: פנאי, בידור וספורט | D69: 7721 | E69: רגילה | F69: 48 | G69: ₪ | H69: 48 | I69: ₪ | J69: 03-05-2026 | O69: טלפוני
A70: 14-04-2026 | B70: פיס פלוס -תו נטען | C70: פנאי, בידור וספורט | D70: 7721 | E70: רגילה | F70: 45 | G70: ₪ | H70: 45 | I70: ₪ | J70: 03-05-2026 | O70: טלפוני
A71: 14-04-2026 | B71: פיס פלוס -תו נטען | C71: פנאי, בידור וספורט | D71: 7721 | E71: רגילה | F71: 45 | G71: ₪ | H71: 45 | I71: ₪ | J71: 03-05-2026 | O71: טלפוני
A72: 14-04-2026 | B72: הטבות פיס | C72: פנאי, בידור וספורט | D72: 7721 | E72: רגילה | F72: 22 | G72: ₪ | H72: 22 | I72: ₪ | J72: 03-05-2026 | O72: אינטרנט
A73: 14-04-2026 | B73: גולדה רחובות | C73: מזון וצריכה | D73: 7721 | E73: רגילה | F73: 28 | G73: ₪ | H73: 28 | I73: ₪ | J73: 03-05-2026
A74: 14-04-2026 | B74: גולדה רחובות | C74: מזון וצריכה | D74: 7721 | E74: רגילה | F74: 31 | G74: ₪ | H74: 31 | I74: ₪ | J74: 03-05-2026
A75: 15-04-2026 | B75: דור אלון נס ציונה | C75: דלק, חשמל וגז | D75: 7721 | E75: רגילה | F75: 217.88 | G75: ₪ | H75: 217.88 | I75: ₪ | J75: 03-05-2026 | O75: עסקת contactless
A76: 15-04-2026 | B76: WOLT | C76: מסעדות, קפה וברים | D76: 7721 | E76: רגילה | F76: 45.21 | G76: ₪ | H76: 45.21 | I76: ₪ | J76: 03-05-2026 | O76: טלפוני
A77: 15-04-2026 | B77: הטבות פיס פ. | C77: פנאי, בידור וספורט | D77: 7721 | E77: רגילה | F77: 190 | G77: ₪ | H77: 190 | I77: ₪ | J77: 03-05-2026 | O77: אינטרנט
A78: 16-04-2026 | B78: ביחד בשבילך | C78: פנאי, בידור וספורט | D78: 7721 | E78: רגילה | F78: 50 | G78: ₪ | H78: 50 | I78: ₪ | J78: 03-05-2026 | O78: טלפוני
A79: 16-04-2026 | B79: סופרפארם אונליין | C79: רפואה ובתי מרקחת | D79: 7721 | E79: רגילה | F79: 49.56 | G79: ₪ | H79: 49.56 | I79: ₪ | J79: 03-05-2026 | O79: אינטרנט
A80: 16-04-2026 | B80: עצמלה רהיטים לילדים | C80: עיצוב הבית | D80: 7721 | E80: תשלומים | F80: 181 | G80: ₪ | H80: 724 | I80: ₪ | J80: 03-05-2026 | K80: תשלום 1 מתוך 4 | O80: טלפוני
A81: 16-04-2026 | B81: סינמה סיטי אתר | C81: פנאי, בידור וספורט | D81: 7721 | E81: רגילה | F81: -9.8 | G81: ₪ | H81: 9.8 | I81: ₪ | J81: 03-05-2026 | K81: ביטול עסקה | O81: טלפוני
A82: 16-04-2026 | B82: פיצה מתי קניון רחובות | C82: מסעדות, קפה וברים | D82: 7721 | E82: רגילה | F82: 22 | G82: ₪ | H82: 22 | I82: ₪ | J82: 03-05-2026 | O82: תשלום בנייד
A83: 17-04-2026 | B83: ת.ש פרו סלולר בע''מ-צמרת | C83: שירותי תקשורת | D83: 7721 | E83: רגילה | F83: 150 | G83: ₪ | H83: 150 | I83: ₪ | J83: 03-05-2026 | O83: תשלום בנייד
A84: 17-04-2026 | B84: WOLT | C84: מסעדות, קפה וברים | D84: 7721 | E84: רגילה | F84: 139.6 | G84: ₪ | H84: 139.6 | I84: ₪ | J84: 03-05-2026 | O84: טלפוני
A85: 17-04-2026 | B85: פיס פלוס -תו נטען | C85: פנאי, בידור וספורט | D85: 7721 | E85: רגילה | F85: 37.5 | G85: ₪ | H85: 37.5 | I85: ₪ | J85: 03-05-2026 | O85: טלפוני
A86: 17-04-2026 | B86: ECNESSE AL ))סיגל גולן | C86: קוסמטיקה וטיפוח | D86: 7721 | E86: רגילה | F86: 178.65 | G86: ₪ | H86: 178.65 | I86: ₪ | J86: 03-05-2026 | O86: אינטרנט
A87: 18-04-2026 | B87: די טי משחקים בעמ | C87: פנאי, בידור וספורט | D87: 7721 | E87: רגילה | F87: 50 | G87: ₪ | H87: 50 | I87: ₪ | J87: 03-05-2026 | O87: טלפוני
A88: 18-04-2026 | B88: ריפליי באולינג בע"מ | C88: פנאי, בידור וספורט | D88: 7721 | E88: רגילה | F88: 68 | G88: ₪ | H88: 68 | I88: ₪ | J88: 03-05-2026
A89: 18-04-2026 | B89: פלג לבית ולבנין | C89: עיצוב הבית | D89: 7721 | E89: רגילה | F89: 192 | G89: ₪ | H89: 192 | I89: ₪ | J89: 03-05-2026 | O89: טלפוני
A90: 18-04-2026 | B90: הטבות פיס פ. | C90: פנאי, בידור וספורט | D90: 7721 | E90: רגילה | F90: 190 | G90: ₪ | H90: 190 | I90: ₪ | J90: 03-05-2026 | O90: אינטרנט
A91: 18-04-2026 | B91: WOLT | C91: מסעדות, קפה וברים | D91: 7721 | E91: רגילה | F91: 112.18 | G91: ₪ | H91: 112.18 | I91: ₪ | J91: 03-05-2026 | O91: טלפוני
A92: 19-04-2026 | B92: סופר פארם רחובות | C92: רפואה ובתי מרקחת | D92: 7721 | E92: רגילה | F92: 25.8 | G92: ₪ | H92: 25.8 | I92: ₪ | J92: 03-05-2026
A93: 19-04-2026 | B93: בית חוה - הלבשה תחתונה ומ | C93: אופנה | D93: 7721 | E93: רגילה | F93: 298 | G93: ₪ | H93: 298 | I93: ₪ | J93: 03-05-2026 | O93: אינטרנט
A94: 19-04-2026 | B94: מרקט בעיר מפגש השיח | C94: מזון וצריכה | D94: 7721 | E94: רגילה | F94: 19.9 | G94: ₪ | H94: 19.9 | I94: ₪ | J94: 03-05-2026
A95: 19-04-2026 | B95: כהן ויטוס- 360 | C95: שונות | D95: 7721 | E95: רגילה | F95: 76.7 | G95: ₪ | H95: 76.7 | I95: ₪ | J95: 03-05-2026 | O95: טלפוני
A96: 19-04-2026 | B96: פיס פלוס -תו נטען | C96: פנאי, בידור וספורט | D96: 7721 | E96: רגילה | F96: 75 | G96: ₪ | H96: 75 | I96: ₪ | J96: 03-05-2026 | O96: טלפוני
A97: 19-04-2026 | B97: KSP רחובות | C97: חשמל ומחשבים | D97: 7721 | E97: רגילה | F97: 99 | G97: ₪ | H97: 99 | I97: ₪ | J97: 03-05-2026 | O97: טלפוני
A98: 20-04-2026 | B98: שוקולד ראשונים בעמ | C98: מסעדות, קפה וברים | D98: 7721 | E98: רגילה | F98: 16 | G98: ₪ | H98: 16 | I98: ₪ | J98: 03-05-2026
A99: 21-04-2026 | B99: WOLT | C99: מסעדות, קפה וברים | D99: 7721 | E99: רגילה | F99: 114.45 | G99: ₪ | H99: 114.45 | I99: ₪ | J99: 03-05-2026 | O99: טלפוני
A100: 21-04-2026 | B100: WOLT | C100: מסעדות, קפה וברים | D100: 7721 | E100: רגילה | F100: 146.78 | G100: ₪ | H100: 146.78 | I100: ₪ | J100: 03-05-2026 | O100: טלפוני
...

Sheet אשראי-5
A1: כל המשתמשים (1)
A2: כל הכרטיסים (1)
A3: 05/2026
A4: תאריך עסקה | B4: שם בית העסק | C4: קטגוריה | D4: 4 ספרות אחרונות של כרטיס האשראי | E4: סוג עסקה | F4: סכום חיוב | G4: מטבע חיוב | H4: סכום עסקה מקורי | I4: מטבע עסקה מקורי | J4: תאריך חיוב | K4: הערות | L4: תיוגים | M4: מועדון הנחות | N4: מפתח דיסקונט | O4: אופן ביצוע ההעסקה | P4: שער המרה ממטבע מקור/התחשבנות לש"ח
A5: 03-04-2026 | B5: NETFLIX.COM LOS GATOS NL | C5: שירותי תקשורת | D5: 7721 | E5: חיוב עסקות מיידי | F5: 69.9 | G5: ₪ | H5: 69.9 | I5: ₪ | J5: 05-04-2026 | K5: חיוב עסקת חו"ל בש"ח | O5: אינטרנט
A6: 11-04-2026 | B6: PAYPAL *HOT CINEMA 0765385001 IL | C6: פנאי, בידור וספורט | D6: 7721 | E6: חיוב עסקות מיידי | F6: 9 | G6: ₪ | H6: 9 | I6: ₪ | J6: 15-04-2026 | O6: אינטרנט
A7: 20-04-2026 | B7: APPLE.COM/BILL ITUNES.COM IE | C7: פנאי, בידור וספורט | D7: 7721 | E7: חיוב עסקות מיידי | F7: 3.9 | G7: ₪ | H7: 3.9 | I7: ₪ | J7: 21-04-2026 | K7: חיוב עסקת חו"ל בש"ח | O7: אינטרנט
A8: 23-04-2026 | B8: PAYPAL *TEVA 0584767453 IL | C8: מזון וצריכה | D8: 7721 | E8: חיוב עסקות מיידי | F8: 72.9 | G8: ₪ | H8: 72.9 | I8: ₪ | J8: 28-04-2026 | O8: אינטרנט
A9: סך הכל
A10: 155.7₪

Sheet אשראי-6
A1: כל המשתמשים (1)
A2: כל הכרטיסים (1)
A3: 05/2026
A4: תאריך עסקה | B4: שם בית העסק | C4: קטגוריה | D4: 4 ספרות אחרונות של כרטיס האשראי | E4: סוג עסקה | F4: סכום חיוב | G4: מטבע חיוב | H4: סכום עסקה מקורי | I4: מטבע עסקה מקורי | J4: תאריך חיוב | K4: הערות | L4: תיוגים | M4: מועדון הנחות | N4: מפתח דיסקונט | O4: אופן ביצוע ההעסקה | P4: שער המרה ממטבע מקור/התחשבנות לש"ח
A5: 03-04-2026 | B5: כספומט יכין סנט נתניה | C5: משיכת מזומן | D5: 7721 | E5: חיוב עסקות מיידי | F5: 157.9 | G5: ₪ | H5: 157.9 | I5: ₪ | J5: 06-04-2026 | O5: בנוכחות כרטיס
A6: 13-04-2026 | B6: כספומט הטוב והמ רחובות | C6: משיכת מזומן | D6: 7721 | E6: חיוב עסקות מיידי | F6: 307.9 | G6: ₪ | H6: 307.9 | I6: ₪ | J6: 14-04-2026 | O6: בנוכחות כרטיס
A7: 16-04-2026 | B7: כספומט לאומי ביצוע | C7: משיכת מזומן | D7: 7721 | E7: חיוב עסקות מיידי | F7: 56.95 | G7: ₪ | H7: 56.95 | I7: ₪ | J7: 17-04-2026 | O7: בנוכחות כרטיס
A8: 20-04-2026 | B8: כספומט לאומי ביצוע | C8: משיכת מזומן | D8: 7721 | E8: חיוב עסקות מיידי | F8: 56.95 | G8: ₪ | H8: 56.95 | I8: ₪ | J8: 21-04-2026 | O8: בנוכחות כרטיס
A9: 29-04-2026 | B9: כספומט לאומי ביצוע | C9: משיכת מזומן | D9: 7721 | E9: חיוב עסקות מיידי | F9: 206.95 | G9: ₪ | H9: 206.95 | I9: ₪ | J9: 30-04-2026 | O9: בנוכחות כרטיס
A10: סך הכל
A11: 786.65₪

Sheet אשראי-7
A1: כל המשתמשים (1)
A2: כל הכרטיסים (1)
A3: 03/2026
A4: תאריך עסקה | B4: שם בית העסק | C4: קטגוריה | D4: 4 ספרות אחרונות של כרטיס האשראי | E4: סוג עסקה | F4: סכום חיוב | G4: מטבע חיוב | H4: סכום עסקה מקורי | I4: מטבע עסקה מקורי | J4: תאריך חיוב | K4: הערות | L4: תיוגים | M4: מועדון הנחות | N4: מפתח דיסקונט | O4: אופן ביצוע ההעסקה | P4: שער המרה ממטבע מקור/התחשבנות לש"ח
A5: 28-01-2026 | B5: הפניקס רכב חובה | C5: ביטוח | D5: 7721 | E5: תשלומים | F5: 134 | G5: ₪ | H5: 1343 | I5: ₪ | J5: 02-03-2026 | K5: תשלום 2 מתוך 10 | O5: טלפוני
A6: 29-01-2026 | B6: מתאים לי אור יהודה | C6: אופנה | D6: 7721 | E6: תשלומים | F6: 114 | G6: ₪ | H6: 229.9 | I6: ₪ | J6: 02-03-2026 | K6: תשלום 2 מתוך 2
A7: 01-02-2026 | B7: סופר טוב והמיטיב גולומב | C7: מזון וצריכה | D7: 7721 | E7: רגילה | F7: 14 | G7: ₪ | H7: 14 | I7: ₪ | J7: 02-03-2026
A8: 01-02-2026 | B8: רבידים המרכז לחינוך ופיתו | C8: עירייה וממשלה | D8: 7721 | E8: רגילה | F8: 80 | G8: ₪ | H8: 80 | I8: ₪ | J8: 02-03-2026 | K8: הוראת קבע | O8: טלפוני
A9: 01-02-2026 | B9: WOLT | C9: מסעדות, קפה וברים | D9: 7721 | E9: רגילה | F9: 63 | G9: ₪ | H9: 63 | I9: ₪ | J9: 02-03-2026 | O9: טלפוני
A10: 01-02-2026 | B10: WOLT | C10: מסעדות, קפה וברים | D10: 7721 | E10: רגילה | F10: 79.96 | G10: ₪ | H10: 79.96 | I10: ₪ | J10: 02-03-2026 | O10: טלפוני
A11: 01-02-2026 | B11: WOLT | C11: מסעדות, קפה וברים | D11: 7721 | E11: רגילה | F11: 49 | G11: ₪ | H11: 49 | I11: ₪ | J11: 02-03-2026 | O11: טלפוני
A12: 02-02-2026 | B12: רולדין | C12: מסעדות, קפה וברים | D12: 7721 | E12: רגילה | F12: 18 | G12: ₪ | H12: 18 | I12: ₪ | J12: 02-03-2026
A13: 02-02-2026 | B13: בי פרש אחוזת הנשיא | C13: מסעדות, קפה וברים | D13: 7721 | E13: רגילה | F13: 25 | G13: ₪ | H13: 25 | I13: ₪ | J13: 02-03-2026
A14: 02-02-2026 | B14: דפנ'ס קונדיטוריה וקפה בע" | C14: מזון וצריכה | D14: 7721 | E14: רגילה | F14: 30 | G14: ₪ | H14: 30 | I14: ₪ | J14: 02-03-2026
A15: 02-02-2026 | B15: פיצה מתי קניון רחובות | C15: מסעדות, קפה וברים | D15: 7721 | E15: רגילה | F15: 22 | G15: ₪ | H15: 22 | I15: ₪ | J15: 02-03-2026 | O15: תשלום בנייד
A16: 02-02-2026 | B16: סוויט טיים רחובות | C16: מזון וצריכה | D16: 7721 | E16: רגילה | F16: 21.19 | G16: ₪ | H16: 21.19 | I16: ₪ | J16: 02-03-2026
A17: 02-02-2026 | B17: הטבות פיס | C17: פנאי, בידור וספורט | D17: 7721 | E17: רגילה | F17: 15 | G17: ₪ | H17: 15 | I17: ₪ | J17: 02-03-2026 | O17: אינטרנט
A18: 02-02-2026 | B18: הטבות פיס | C18: פנאי, בידור וספורט | D18: 7721 | E18: רגילה | F18: 11 | G18: ₪ | H18: 11 | I18: ₪ | J18: 02-03-2026 | O18: אינטרנט
A19: 02-02-2026 | B19: BIT | C19: העברת כספים | D19: 7721 | E19: רגילה | F19: 20 | G19: ₪ | H19: 20 | I19: ₪ | J19: 02-03-2026 | K19: למי: דיאנה שוורצמן | O19: אינטרנט
A20: 03-02-2026 | B20: מאוחדת פארם אונליין | C20: רפואה ובתי מרקחת | D20: 7721 | E20: רגילה | F20: 214.17 | G20: ₪ | H20: 214.17 | I20: ₪ | J20: 02-03-2026 | O20: טלפוני
A21: 03-02-2026 | B21: כהן ויטוס- 360 | C21: שונות | D21: 7721 | E21: תשלומים | F21: 304.87 | G21: ₪ | H21: 3658 | I21: ₪ | J21: 02-03-2026 | K21: תשלום 1 מתוך 12 | O21: טלפוני
A22: 03-02-2026 | B22: WOLT | C22: מסעדות, קפה וברים | D22: 7721 | E22: רגילה | F22: 70.35 | G22: ₪ | H22: 70.35 | I22: ₪ | J22: 02-03-2026 | O22: טלפוני
A23: 03-02-2026 | B23: פיס פלוס -תו נטען | C23: פנאי, בידור וספורט | D23: 7721 | E23: רגילה | F23: 90 | G23: ₪ | H23: 90 | I23: ₪ | J23: 02-03-2026 | O23: טלפוני
A24: 04-02-2026 | B24: קפה עלמה רחובות | C24: מסעדות, קפה וברים | D24: 7721 | E24: רגילה | F24: 20 | G24: ₪ | H24: 20 | I24: ₪ | J24: 02-03-2026 | O24: טלפוני
A25: 04-02-2026 | B25: WOLT | C25: מסעדות, קפה וברים | D25: 7721 | E25: רגילה | F25: 94.95 | G25: ₪ | H25: 94.95 | I25: ₪ | J25: 02-03-2026 | O25: טלפוני
A26: 04-02-2026 | B26: WOLT | C26: מסעדות, קפה וברים | D26: 7721 | E26: רגילה | F26: 86.45 | G26: ₪ | H26: 86.45 | I26: ₪ | J26: 02-03-2026 | O26: טלפוני
A27: 04-02-2026 | B27: הטבות פיס | C27: פנאי, בידור וספורט | D27: 7721 | E27: רגילה | F27: 12 | G27: ₪ | H27: 12 | I27: ₪ | J27: 02-03-2026 | O27: טלפוני
A28: 05-02-2026 | B28: חברת פרטנר תקשורת בע"מ (ה | C28: שירותי תקשורת | D28: 7721 | E28: רגילה | F28: 171.19 | G28: ₪ | H28: 171.19 | I28: ₪ | J28: 02-03-2026 | K28: הוראת קבע | O28: טלפוני
A29: 05-02-2026 | B29: פאפא גונס | C29: מסעדות, קפה וברים | D29: 7721 | E29: רגילה | F29: 84.2 | G29: ₪ | H29: 86.8 | I29: ₪ | J29: 02-03-2026 | M29: הנחת מועדון: הנחות + -2.6 ₪ | O29: טלפוני
A30: 05-02-2026 | B30: WOLT | C30: מסעדות, קפה וברים | D30: 7721 | E30: רגילה | F30: 75 | G30: ₪ | H30: 75 | I30: ₪ | J30: 02-03-2026 | O30: טלפוני
A31: 06-02-2026 | B31: סופר פארם -רחובות החדשה | C31: רפואה ובתי מרקחת | D31: 7721 | E31: רגילה | F31: 22.9 | G31: ₪ | H31: 22.9 | I31: ₪ | J31: 02-03-2026
A32: 06-02-2026 | B32: דפנ'ס קונדיטוריה וקפה בע" | C32: מזון וצריכה | D32: 7721 | E32: רגילה | F32: 28.05 | G32: ₪ | H32: 28.05 | I32: ₪ | J32: 02-03-2026
A33: 06-02-2026 | B33: WOLT | C33: מסעדות, קפה וברים | D33: 7721 | E33: רגילה | F33: 95.4 | G33: ₪ | H33: 95.4 | I33: ₪ | J33: 02-03-2026 | O33: טלפוני
A34: 06-02-2026 | B34: שופרסל שלי רחובות החדשה | C34: מזון וצריכה | D34: 7721 | E34: רגילה | F34: 206.01 | G34: ₪ | H34: 206.01 | I34: ₪ | J34: 02-03-2026
A35: 07-02-2026 | B35: סופר פארם רחובות | C35: רפואה ובתי מרקחת | D35: 7721 | E35: רגילה | F35: 17.8 | G35: ₪ | H35: 17.8 | I35: ₪ | J35: 02-03-2026
A36: 07-02-2026 | B36: מקדונלדס APPLE/GOOGLE PAY | C36: מסעדות, קפה וברים | D36: 7721 | E36: רגילה | F36: 5 | G36: ₪ | H36: 5 | I36: ₪ | J36: 02-03-2026 | O36: אינטרנט
A37: 07-02-2026 | B37: הטבות פיס | C37: פנאי, בידור וספורט | D37: 7721 | E37: רגילה | F37: 15 | G37: ₪ | H37: 15 | I37: ₪ | J37: 02-03-2026 | O37: אינטרנט
A38: 07-02-2026 | B38: הטבות פיס | C38: פנאי, בידור וספורט | D38: 7721 | E38: רגילה | F38: 18 | G38: ₪ | H38: 18 | I38: ₪ | J38: 02-03-2026 | O38: אינטרנט
A39: 07-02-2026 | B39: הטבות פיס | C39: פנאי, בידור וספורט | D39: 7721 | E39: רגילה | F39: 34 | G39: ₪ | H39: 34 | I39: ₪ | J39: 02-03-2026 | O39: אינטרנט
A40: 08-02-2026 | B40: ארומה אפליקציה | C40: מסעדות, קפה וברים | D40: 7721 | E40: רגילה | F40: 16.9 | G40: ₪ | H40: 16.9 | I40: ₪ | J40: 02-03-2026 | O40: אינטרנט
A41: 08-02-2026 | B41: סופר טוב והמיטיב גולומב | C41: מזון וצריכה | D41: 7721 | E41: רגילה | F41: 8.9 | G41: ₪ | H41: 8.9 | I41: ₪ | J41: 02-03-2026
A42: 08-02-2026 | B42: WOLT | C42: מסעדות, קפה וברים | D42: 7721 | E42: רגילה | F42: 65.1 | G42: ₪ | H42: 65.1 | I42: ₪ | J42: 02-03-2026 | O42: טלפוני
A43: 09-02-2026 | B43: עסקים עושים עסקים | C43: שונות | D43: 7721 | E43: רגילה | F43: 150 | G43: ₪ | H43: 150 | I43: ₪ | J43: 02-03-2026 | O43: טלפוני
A44: 09-02-2026 | B44: הטבות פיס פ. | C44: פנאי, בידור וספורט | D44: 7721 | E44: רגילה | F44: 150 | G44: ₪ | H44: 150 | I44: ₪ | J44: 02-03-2026 | O44: אינטרנט
A45: 09-02-2026 | B45: WOLT | C45: מסעדות, קפה וברים | D45: 7721 | E45: רגילה | F45: 147.9 | G45: ₪ | H45: 147.9 | I45: ₪ | J45: 02-03-2026 | O45: טלפוני
A46: 09-02-2026 | B46: WOLT | C46: מסעדות, קפה וברים | D46: 7721 | E46: רגילה | F46: 138.08 | G46: ₪ | H46: 138.08 | I46: ₪ | J46: 02-03-2026 | O46: טלפוני
A47: 10-02-2026 | B47: פרי טיוי | C47: שירותי תקשורת | D47: 7721 | E47: רגילה | F47: 39.9 | G47: ₪ | H47: 39.9 | I47: ₪ | J47: 02-03-2026 | K47: הוראת קבע | O47: טלפוני
A48: 10-02-2026 | B48: JETSERVER | C48: חשמל ומחשבים | D48: 7721 | E48: רגילה | F48: 69.62 | G48: ₪ | H48: 69.62 | I48: ₪ | J48: 02-03-2026 | K48: הוראת קבע | O48: טלפוני
A49: 10-02-2026 | B49: בי דראגסטורס רחובות מזרח | C49: מזון וצריכה | D49: 7721 | E49: רגילה | F49: 29.8 | G49: ₪ | H49: 29.8 | I49: ₪ | J49: 02-03-2026
A50: 10-02-2026 | B50: בי דראגסטורס ? תרופות | C50: מזון וצריכה | D50: 7721 | E50: רגילה | F50: 110 | G50: ₪ | H50: 110 | I50: ₪ | J50: 02-03-2026
A51: 11-02-2026 | B51: סופר טוב והמיטיב גולומב | C51: מזון וצריכה | D51: 7721 | E51: רגילה | F51: 15.8 | G51: ₪ | H51: 15.8 | I51: ₪ | J51: 02-03-2026
A52: 11-02-2026 | B52: QUICK RELIEF | C52: רפואה ובתי מרקחת | D52: 7721 | E52: רגילה | F52: 229 | G52: ₪ | H52: 229 | I52: ₪ | J52: 02-03-2026 | O52: אינטרנט
A53: 11-02-2026 | B53: FRIENDS תרבות ישראלית | C53: פנאי, בידור וספורט | D53: 7721 | E53: רגילה | F53: 58 | G53: ₪ | H53: 58 | I53: ₪ | J53: 02-03-2026 | O53: טלפוני
A54: 11-02-2026 | B54: הטבות פיס פ. | C54: פנאי, בידור וספורט | D54: 7721 | E54: רגילה | F54: 190 | G54: ₪ | H54: 190 | I54: ₪ | J54: 02-03-2026 | O54: אינטרנט
A55: 12-02-2026 | B55: סופר טוב והמיטיב גולומב | C55: מזון וצריכה | D55: 7721 | E55: רגילה | F55: 12.8 | G55: ₪ | H55: 12.8 | I55: ₪ | J55: 02-03-2026
A56: 12-02-2026 | B56: WOLT | C56: מסעדות, קפה וברים | D56: 7721 | E56: רגילה | F56: 53.55 | G56: ₪ | H56: 53.55 | I56: ₪ | J56: 02-03-2026 | O56: טלפוני
A57: 12-02-2026 | B57: WOLT | C57: מסעדות, קפה וברים | D57: 7721 | E57: רגילה | F57: 51 | G57: ₪ | H57: 51 | I57: ₪ | J57: 02-03-2026 | O57: טלפוני
A58: 12-02-2026 | B58: WOLT | C58: מסעדות, קפה וברים | D58: 7721 | E58: רגילה | F58: 70.12 | G58: ₪ | H58: 70.12 | I58: ₪ | J58: 02-03-2026 | O58: טלפוני
A59: 12-02-2026 | B59: WOLT | C59: מסעדות, קפה וברים | D59: 7721 | E59: רגילה | F59: 88.2 | G59: ₪ | H59: 88.2 | I59: ₪ | J59: 02-03-2026 | O59: טלפוני
A60: 13-02-2026 | B60: נאפיס בילו | C60: מסעדות, קפה וברים | D60: 7721 | E60: רגילה | F60: 100 | G60: ₪ | H60: 100 | I60: ₪ | J60: 02-03-2026
A61: 14-02-2026 | B61: ריפליי באולינג בע"מ | C61: פנאי, בידור וספורט | D61: 7721 | E61: רגילה | F61: 12 | G61: ₪ | H61: 12 | I61: ₪ | J61: 02-03-2026 | O61: תשלום בנייד
A62: 14-02-2026 | B62: ריפליי באולינג בע"מ | C62: פנאי, בידור וספורט | D62: 7721 | E62: רגילה | F62: 25 | G62: ₪ | H62: 25 | I62: ₪ | J62: 02-03-2026 | O62: תשלום בנייד
A63: 14-02-2026 | B63: ריפליי באולינג בע"מ | C63: פנאי, בידור וספורט | D63: 7721 | E63: רגילה | F63: 34 | G63: ₪ | H63: 34 | I63: ₪ | J63: 02-03-2026
A64: 14-02-2026 | B64: הטבות פיס פ. | C64: פנאי, בידור וספורט | D64: 7721 | E64: רגילה | F64: 190 | G64: ₪ | H64: 190 | I64: ₪ | J64: 02-03-2026 | O64: אינטרנט
A65: 15-02-2026 | B65: סופר טוב והמיטיב גולומב | C65: מזון וצריכה | D65: 7721 | E65: רגילה | F65: 9.8 | G65: ₪ | H65: 9.8 | I65: ₪ | J65: 02-03-2026
A66: 15-02-2026 | B66: עסקים עושים עסקים | C66: שונות | D66: 7721 | E66: רגילה | F66: 78 | G66: ₪ | H66: 78 | I66: ₪ | J66: 02-03-2026 | O66: טלפוני
A67: 16-02-2026 | B67: ביחד בשבילך | C67: פנאי, בידור וספורט | D67: 7721 | E67: רגילה | F67: 349 | G67: ₪ | H67: 349 | I67: ₪ | J67: 02-03-2026 | O67: טלפוני
A68: 16-02-2026 | B68: סופר טוב והמיטיב גולומב | C68: מזון וצריכה | D68: 7721 | E68: רגילה | F68: 22.8 | G68: ₪ | H68: 22.8 | I68: ₪ | J68: 02-03-2026
A69: 16-02-2026 | B69: מאוחדת פארם אונליין | C69: רפואה ובתי מרקחת | D69: 7721 | E69: רגילה | F69: 155.03 | G69: ₪ | H69: 155.03 | I69: ₪ | J69: 02-03-2026 | O69: טלפוני
A70: 16-02-2026 | B70: WOLT | C70: מסעדות, קפה וברים | D70: 7721 | E70: רגילה | F70: 39.78 | G70: ₪ | H70: 39.78 | I70: ₪ | J70: 02-03-2026 | O70: טלפוני
A71: 16-02-2026 | B71: WOLT | C71: מסעדות, קפה וברים | D71: 7721 | E71: רגילה | F71: 10.4 | G71: ₪ | H71: 10.4 | I71: ₪ | J71: 02-03-2026 | O71: טלפוני
A72: 17-02-2026 | B72: ביחד בשבילך | C72: פנאי, בידור וספורט | D72: 7721 | E72: רגילה | F72: 176 | G72: ₪ | H72: 176 | I72: ₪ | J72: 02-03-2026 | O72: טלפוני
A73: 17-02-2026 | B73: סופר פארם רחובות | C73: רפואה ובתי מרקחת | D73: 7721 | E73: רגילה | F73: 24.8 | G73: ₪ | H73: 24.8 | I73: ₪ | J73: 02-03-2026
A74: 17-02-2026 | B74: ארומה אפליקציה | C74: מסעדות, קפה וברים | D74: 7721 | E74: רגילה | F74: 100 | G74: ₪ | H74: 100 | I74: ₪ | J74: 02-03-2026 | O74: טלפוני
A75: 17-02-2026 | B75: מרקט בעיר מפגש השיח | C75: מזון וצריכה | D75: 7721 | E75: רגילה | F75: 34.7 | G75: ₪ | H75: 34.7 | I75: ₪ | J75: 02-03-2026
A76: 17-02-2026 | B76: ביגה רחובות | C76: מסעדות, קפה וברים | D76: 7721 | E76: רגילה | F76: 117 | G76: ₪ | H76: 117 | I76: ₪ | J76: 02-03-2026
A77: 17-02-2026 | B77: פיס פלוס -תו נטען | C77: פנאי, בידור וספורט | D77: 7721 | E77: רגילה | F77: 90 | G77: ₪ | H77: 90 | I77: ₪ | J77: 02-03-2026 | O77: טלפוני
A78: 18-02-2026 | B78: סופר טוב והמיטיב גולומב | C78: מזון וצריכה | D78: 7721 | E78: רגילה | F78: 4.9 | G78: ₪ | H78: 4.9 | I78: ₪ | J78: 02-03-2026
A79: 18-02-2026 | B79: אקשן טויס רחובות | C79: פנאי, בידור וספורט | D79: 7721 | E79: רגילה | F79: 20 | G79: ₪ | H79: 20 | I79: ₪ | J79: 02-03-2026
A80: 18-02-2026 | B80: אקשן טויס רחובות | C80: פנאי, בידור וספורט | D80: 7721 | E80: רגילה | F80: 11.9 | G80: ₪ | H80: 11.9 | I80: ₪ | J80: 02-03-2026
A81: 18-02-2026 | B81: הטבות פיס | C81: פנאי, בידור וספורט | D81: 7721 | E81: רגילה | F81: 12 | G81: ₪ | H81: 12 | I81: ₪ | J81: 02-03-2026 | O81: טלפוני
A82: 18-02-2026 | B82: WOLT | C82: מסעדות, קפה וברים | D82: 7721 | E82: רגילה | F82: 88.2 | G82: ₪ | H82: 88.2 | I82: ₪ | J82: 02-03-2026 | O82: טלפוני
A83: 18-02-2026 | B83: WOLT | C83: מסעדות, קפה וברים | D83: 7721 | E83: רגילה | F83: 55 | G83: ₪ | H83: 55 | I83: ₪ | J83: 02-03-2026 | O83: טלפוני
A84: 18-02-2026 | B84: מתאימים | C84: שונות | D84: 7721 | E84: רגילה | F84: 158 | G84: ₪ | H84: 158 | I84: ₪ | J84: 02-03-2026 | O84: אינטרנט
A85: 19-02-2026 | B85: סופר פארם רחובות | C85: רפואה ובתי מרקחת | D85: 7721 | E85: רגילה | F85: 24.8 | G85: ₪ | H85: 24.8 | I85: ₪ | J85: 02-03-2026
A86: 19-02-2026 | B86: ארומה אפליקציה | C86: מסעדות, קפה וברים | D86: 7721 | E86: רגילה | F86: 9.8 | G86: ₪ | H86: 9.8 | I86: ₪ | J86: 02-03-2026 | O86: טלפוני
A87: 19-02-2026 | B87: ליאור אשכנזי | C87: מסעדות, קפה וברים | D87: 7721 | E87: רגילה | F87: 40 | G87: ₪ | H87: 40 | I87: ₪ | J87: 02-03-2026
A88: 19-02-2026 | B88: הלד (צילום ) רחובות | C88: שונות | D88: 7721 | E88: רגילה | F88: 20 | G88: ₪ | H88: 20 | I88: ₪ | J88: 02-03-2026
A89: 19-02-2026 | B89: סוויט סינימה סיטי | C89: מסעדות, קפה וברים | D89: 7721 | E89: רגילה | F89: 18 | G89: ₪ | H89: 18 | I89: ₪ | J89: 02-03-2026 | O89: תשלום בנייד
A90: 19-02-2026 | B90: פיצה מתי קניון רחובות | C90: מסעדות, קפה וברים | D90: 7721 | E90: רגילה | F90: 22 | G90: ₪ | H90: 22 | I90: ₪ | J90: 02-03-2026 | O90: תשלום בנייד
A91: 19-02-2026 | B91: מאמא גרג רחובות | C91: מסעדות, קפה וברים | D91: 7721 | E91: רגילה | F91: 48.25 | G91: ₪ | H91: 50 | I91: ₪ | J91: 02-03-2026 | M91: הנחת מועדון: הנחות + -1.75 ₪
A92: 19-02-2026 | B92: הטבות פיס | C92: פנאי, בידור וספורט | D92: 7721 | E92: רגילה | F92: 15 | G92: ₪ | H92: 15 | I92: ₪ | J92: 02-03-2026 | O92: אינטרנט
A93: 20-02-2026 | B93: GETT | C93: תחבורה ורכבים | D93: 7721 | E93: רגילה | F93: 59.6 | G93: ₪ | H93: 59.6 | I93: ₪ | J93: 02-03-2026 | O93: טלפוני
A94: 20-02-2026 | B94: TREE | C94: מסעדות, קפה וברים | D94: 7721 | E94: רגילה | F94: 45 | G94: ₪ | H94: 45 | I94: ₪ | J94: 02-03-2026
A95: 20-02-2026 | B95: חניוני ק.א.ר | C95: תחבורה ורכבים | D95: 7721 | E95: רגילה | F95: 25 | G95: ₪ | H95: 25 | I95: ₪ | J95: 02-03-2026
A96: 20-02-2026 | B96: WOLT | C96: מסעדות, קפה וברים | D96: 7721 | E96: רגילה | F96: 88.2 | G96: ₪ | H96: 88.2 | I96: ₪ | J96: 02-03-2026 | O96: טלפוני
A97: 20-02-2026 | B97: WOLT | C97: מסעדות, קפה וברים | D97: 7721 | E97: רגילה | F97: 27.4 | G97: ₪ | H97: 27.4 | I97: ₪ | J97: 02-03-2026 | O97: טלפוני
A98: 20-02-2026 | B98: WOLT | C98: מסעדות, קפה וברים | D98: 7721 | E98: רגילה | F98: 147.6 | G98: ₪ | H98: 147.6 | I98: ₪ | J98: 02-03-2026 | O98: טלפוני
A99: 20-02-2026 | B99: מאור | C99: טיסות ותיירות | D99: 7721 | E99: תשלומים | F99: 580 | G99: ₪ | H99: 5800 | I99: ₪ | J99: 02-03-2026 | K99: תשלום 1 מתוך 10 | O99: טלפוני
A100: 21-02-2026 | B100: הטבות פיס פ. | C100: פנאי, בידור וספורט | D100: 7721 | E100: רגילה | F100: 190 | G100: ₪ | H100: 190 | I100: ₪ | J100: 02-03-2026 | O100: אינטרנט
...

Sheet אשראי-8
A1: כל המשתמשים (1)
A2: כל הכרטיסים (1)
A3: 03/2026
A4: תאריך עסקה | B4: שם בית העסק | C4: קטגוריה | D4: 4 ספרות אחרונות של כרטיס האשראי | E4: סוג עסקה | F4: סכום חיוב | G4: מטבע חיוב | H4: סכום עסקה מקורי | I4: מטבע עסקה מקורי | J4: תאריך חיוב | K4: הערות | L4: תיוגים | M4: מועדון הנחות | N4: מפתח דיסקונט | O4: אופן ביצוע ההעסקה | P4: שער המרה ממטבע מקור/התחשבנות לש"ח
A5: 04-02-2026 | B5: NETFLIX.COM LOS GATOS NL | C5: שירותי תקשורת | D5: 7721 | E5: חיוב עסקות מיידי | F5: 32.9 | G5: ₪ | H5: 32.9 | I5: ₪ | J5: 05-02-2026 | K5: חיוב עסקת חו"ל בש"ח | O5: אינטרנט
A6: 07-02-2026 | B6: DISNEY PLUS LONDON GB | C6: שירותי תקשורת | D6: 7721 | E6: חיוב עסקות מיידי | F6: 49.9 | G6: ₪ | H6: 49.9 | I6: ₪ | J6: 10-02-2026 | K6: חיוב עסקת חו"ל בש"ח | O6: אינטרנט
A7: 18-02-2026 | B7: HELP.HBOMAX.COM AMSTERDAM NL | C7: פנאי, בידור וספורט | D7: 7721 | E7: חיוב עסקות מיידי | F7: 49.9 | G7: ₪ | H7: 49.9 | I7: ₪ | J7: 19-02-2026 | K7: חיוב עסקת חו"ל בש"ח | O7: אינטרנט
A8: 20-02-2026 | B8: APPLE.COM/BILL ITUNES.COM IE | C8: פנאי, בידור וספורט | D8: 7721 | E8: חיוב עסקות מיידי | F8: 3.9 | G8: ₪ | H8: 3.9 | I8: ₪ | J8: 22-02-2026 | K8: חיוב עסקת חו"ל בש"ח | O8: אינטרנט
A9: 21-02-2026 | B9: ALIEXPRESS LUXEMBOURG LU | C9: עיצוב הבית | D9: 7721 | E9: חיוב עסקות מיידי | F9: 121.26 | G9: ₪ | H9: 121.26 | I9: ₪ | J9: 24-02-2026 | K9: חיוב עסקת חו"ל בש"ח | O9: אינטרנט
A10: סך הכל
A11: 257.86₪

Sheet אשראי-9
A1: כל המשתמשים (1)
A2: כל הכרטיסים (1)
A3: 03/2026
A4: תאריך עסקה | B4: שם בית העסק | C4: קטגוריה | D4: 4 ספרות אחרונות של כרטיס האשראי | E4: סוג עסקה | F4: סכום חיוב | G4: מטבע חיוב | H4: סכום עסקה מקורי | I4: מטבע עסקה מקורי | J4: תאריך חיוב | K4: הערות | L4: תיוגים | M4: מועדון הנחות | N4: מפתח דיסקונט | O4: אופן ביצוע ההעסקה | P4: שער המרה ממטבע מקור/התחשבנות לש"ח
A5: 02-02-2026 | B5: כספומט לאומי ביצוע | C5: משיכת מזומן | D5: 7721 | E5: חיוב עסקות מיידי | F5: 156.95 | G5: ₪ | H5: 156.95 | I5: ₪ | J5: 04-02-2026 | O5: בנוכחות כרטיס
A6: 08-02-2026 | B6: כספומט הטוב והמ רחובות | C6: משיכת מזומן | D6: 7721 | E6: חיוב עסקות מיידי | F6: 107.9 | G6: ₪ | H6: 107.9 | I6: ₪ | J6: 09-02-2026 | O6: בנוכחות כרטיס
A7: 13-02-2026 | B7: כספומט הטוב והמ רחובות | C7: משיכת מזומן | D7: 7721 | E7: חיוב עסקות מיידי | F7: 307.9 | G7: ₪ | H7: 307.9 | I7: ₪ | J7: 15-02-2026 | O7: בנוכחות כרטיס
A8: 18-02-2026 | B8: כספומט לאומי ביצוע | C8: משיכת מזומן | D8: 7721 | E8: חיוב עסקות מיידי | F8: 156.95 | G8: ₪ | H8: 156.95 | I8: ₪ | J8: 20-02-2026 | O8: בנוכחות כרטיס
A9: סך הכל
A10: 729.7₪

Sheet בנק-10
A1: תנועות בחשבון
A2: מספר חשבון 12-615-563159 תאריך הפקה 14.05.2026
A3: תאריך | B3: הפעולה | C3: פרטים | D3: אסמכתא | E3: חובה | F3: זכות | G3: יתרה בש''ח | H3: תאריך ערך | I3: לטובת | J3: עבור
A4: 46112 | B4: מקס איט פיננסי | D4: 34685693 | E4: 19.26 | G4: 5867.76 | H4: 46112
A5: 46110 | B5: הו"ק הלו' רבית | D5: 615563159 | E5: 216.43 | G5: 5887.02 | H5: 46110
A6: 46110 | B6: הו"ק הלואה קרן | D6: 615563159 | E6: 369.8 | G6: 6103.45 | H6: 46110
A7: 46110 | B7: עמידר | C7: עבור: תנועה מנותבת בגין ניוד | D7: 750588 | E7: 144.01 | G7: 6473.25 | H7: 46110 | J7: תנועה מנותבת בגין ניוד
A8: 46110 | B8: מקס איט פיננסי | C8: עבור: לנקרי מיטל מזהה 000000000 | D8: 80132285 | F8: 149.7 | G8: 6617.26 | H8: 46110 | J8: לנקרי מיטל מזהה 000000000
A9: 46110 | B9: זיכוי מיהב | C9: המבצע: צומן-חממי שרה עבור: מבנק 004,סניף 136 ,חשבון 000173160 | D9: 99004330 | F9: 300 | G9: 6467.56 | H9: 46110 | I9: צומן-חממי שרה | J9: מבנק 004,סניף 136 ,חשבון 000173160
A10: 46107 | B10: ביטוח לאומי ג" | C10: עבור: לנקרי מיטל מזהה 035929330 | D10: 60697083 | F10: 3820 | G10: 6167.56 | H10: 46107 | J10: לנקרי מיטל מזהה 035929330
A11: 46107 | B11: ביטוח לאומי ג" | C11: עבור: לנקרי מיטל מזהה 035929330 | D11: 60697083 | F11: 5802 | G11: 2347.56 | H11: 46107 | J11: לנקרי מיטל מזהה 035929330
A12: 46106 | B12: bit העברת כסף | C12: המבצע: מיטל לנקרי עבור: משיכה לחשבון בנק | D12: 1007825479711 | F12: 170 | G12: -3454.44 | H12: 46106 | I12: מיטל לנקרי | J12: משיכה לחשבון בנק
A13: 46105 | B13: מקס איט פיננסי | D13: 34685693 | E13: 114 | G13: -3624.44 | H13: 46105
A14: 46100 | B14: מקס איט פיננסי | D14: 34685693 | E14: 49.9 | G14: -3510.44 | H14: 46100
A15: 46098 | B15: מקס איט פיננסי | D15: 34685693 | E15: 108.9 | G15: -3460.54 | H15: 46098
A16: 46098 | B16: הפקדה לפקדון | D16: 32464 | E16: 500 | G16: -3351.64 | H16: 46098
A17: 46098 | B17: קצבת ילדים | C17: עבור: לנקרי מיטל מזהה 035929330 | D17: 13104088 | F17: 115 | G17: -2851.64 | H17: 46098 | J17: לנקרי מיטל מזהה 035929330
A18: 46098 | B18: מענק ללקוח | C18: המבצע: בנק הפועלים עבור: לפיקדון צעד ראשון-סך של 500 ש"ח | D18: 0 | F18: 500 | G18: -2966.64 | H18: 46098 | I18: בנק הפועלים | J18: לפיקדון צעד ראשון-סך של 500 ש"ח
A19: 46097 | B19: משיכה מבנקט | D19: 4963 | E19: 100 | G19: -3466.64 | H19: 46097
A20: 46097 | B20: bit העברת כסף | C20: המבצע: מיטל לנקרי עבור: משיכה לחשבון בנק | D20: 1078223556229 | F20: 400 | G20: -3366.64 | H20: 46097 | I20: מיטל לנקרי | J20: משיכה לחשבון בנק
A21: 46096 | B21: הו"ק פקדון | D21: 3500001 | E21: 50 | G21: -3766.64 | H21: 46096
A22: 46092 | B22: מקס איט פיננסי | D22: 34685693 | E22: 50 | G22: -3716.64 | H22: 46092
A23: 46092 | B23: הוראת-קבע (תאריך ערך: 10/03) | C23: המבצע: לנקרי בני עבור: 12-544-050322 | D23: 912544050322 | F23: 700 | G23: -3666.64 | H23: 46091 | I23: לנקרי בני | J23: 12-544-050322
A24: 46091 | B24: עוגן הקרן להלו | C24: עבור: לנקרי מיטל מזהה 035929330 | D24: 30954655 | E24: 416 | G24: -4366.64 | H24: 46091 | J24: לנקרי מיטל מזהה 035929330
A25: 46091 | B25: מקס איט פיננסי | D25: 34685693 | E25: 69.2 | G25: -3950.64 | H25: 46091
A26: 46090 | B26: bit העברת כסף | C26: המבצע: מיטל לנקרי עבור: משיכה לחשבון בנק | D26: 1078204842526 | F26: 200 | G26: -3881.44 | H26: 46090 | I26: מיטל לנקרי | J26: משיכה לחשבון בנק
A27: 46090 | B27: bit העברת כסף | C27: המבצע: מיטל לנקרי עבור: משיכה לחשבון בנק | D27: 1078204647760 | F27: 200 | G27: -4081.44 | H27: 46090 | I27: מיטל לנקרי | J27: משיכה לחשבון בנק
A28: 46086 | B28: זיכוי מדיסקונט | C28: המבצע: שמש מיכל עבור: עבור טיפול בנהיגה ה מח-ן:086988958 | D28: 99011330 | F28: 400 | G28: -4281.44 | H28: 46086 | I28: שמש מיכל | J28: עבור טיפול בנהיגה ה מח-ן:086988958
A29: 46086 | B29: זיכוי מלאומי | C29: המבצע: חממי אבינעם עבור: תשלום מח-ן:063133047 | D29: 99010330 | F29: 300 | G29: -4681.44 | H29: 46086 | I29: חממי אבינעם | J29: תשלום מח-ן:063133047
A30: 46085 | B30: מקס איט פיננסי | D30: 34685693 | E30: 115.8 | G30: -4981.44 | H30: 46085
A31: 46083 | B31: הו"ק הלו' רבית | D31: 615563159 | E31: 105.19 | G31: -4865.64 | H31: 46083
A32: 46083 | B32: הו"ק הלואה קרן | D32: 615563159 | E32: 334.96 | G32: -4760.45 | H32: 46083
A33: 46083 | B33: מקס איט פיננסי | D33: 34685693 | E33: 10633.51 | G33: -4425.49 | H33: 46083
A34: 46082 | B34: הו"ק הלו' רבית | D34: 615563159 | E34: 241.5 | G34: 6208.02 | H34: 46082
A35: 46082 | B35: הו"ק הלואה קרן | D35: 615563159 | E35: 367.81 | G35: 6449.52 | H35: 46082
A36: 46082 | B36: הו"ק הלו' רבית | D36: 615563159 | E36: 85.6 | G36: 6817.33 | H36: 46082
A37: 46082 | B37: הו"ק הלואה קרן | D37: 615563159 | E37: 447.14 | G37: 6902.93 | H37: 46082
A38: 46082 | B38: עמידר | C38: עבור: תנועה מנותבת בגין ניוד | D38: 750588 | E38: 144.24 | G38: 7350.07 | H38: 46082 | J38: תנועה מנותבת בגין ניוד
A39: 46082 | B39: ביטוח לאומי ג" | C39: עבור: לנקרי מיטל מזהה 035929330 | D39: 60697083 | F39: 3820 | G39: 7494.31 | H39: 46082 | J39: לנקרי מיטל מזהה 035929330
A40: 46082 | B40: ביטוח לאומי ג" | C40: עבור: לנקרי מיטל מזהה 035929330 | D40: 60697083 | F40: 5802 | G40: 3674.31 | H40: 46082 | J40: לנקרי מיטל מזהה 035929330
A41: 46082 | B41: זיכוי מיהב | C41: המבצע: צומן-חממי שרה עבור: מבנק 004,סניף 136 ,חשבון 000173160 | D41: 99004330 | F41: 300 | G41: -2127.69 | H41: 46082 | I41: צומן-חממי שרה | J41: מבנק 004,סניף 136 ,חשבון 000173160

Sheet בנק-11
A1: תנועות בחשבון
A2: מספר חשבון 12-615-563159 תאריך הפקה 14.05.2026
A3: תאריך | B3: הפעולה | C3: פרטים | D3: אסמכתא | E3: חובה | F3: זכות | G3: יתרה בש''ח | H3: תאריך ערך | I3: לטובת | J3: עבור
A4: 46052 | B4: bit העברת כסף | C4: המבצע: מיטל לנקרי עבור: משיכה לחשבון בנק | D4: 1078089224917 | F4: 180 | G4: 10022.94 | H4: 46052 | I4: מיטל לנקרי | J4: משיכה לחשבון בנק
A5: 46052 | B5: bit העברת כסף | C5: המבצע: מיטל לנקרי עבור: משיכה לחשבון בנק | D5: 1007809124560 | F5: 1000 | G5: 9842.94 | H5: 46052 | I5: מיטל לנקרי | J5: משיכה לחשבון בנק
A6: 46050 | B6: הו"ק הלו' רבית | D6: 615563159 | E6: 246.96 | G6: 8842.94 | H6: 46050
A7: 46050 | B7: הו"ק הלואה קרן | D7: 615563159 | E7: 365.83 | G7: 9089.9 | H7: 46050
A8: 46050 | B8: עמידר | C8: עבור: תנועה מנותבת בגין ניוד | D8: 750588 | E8: 160.76 | G8: 9455.73 | H8: 46050 | J8: תנועה מנותבת בגין ניוד
A9: 46050 | B9: ביטוח לאומי ג" | C9: עבור: לנקרי מיטל מזהה 035929330 | D9: 60697083 | F9: 3820 | G9: 9616.49 | H9: 46050 | J9: לנקרי מיטל מזהה 035929330
A10: 46050 | B10: ביטוח לאומי ג" | C10: עבור: לנקרי מיטל מזהה 035929330 | D10: 60697083 | F10: 5802 | G10: 5796.49 | H10: 46050 | J10: לנקרי מיטל מזהה 035929330
A11: 46050 | B11: bit העברת כסף | C11: המבצע: מיטל לנקרי עבור: משיכה לחשבון בנק | D11: 1078083149302 | F11: 350 | G11: -5.51 | H11: 46050 | I11: מיטל לנקרי | J11: משיכה לחשבון בנק
A12: 46050 | B12: זיכוי מלאומי | C12: המבצע: חממי אבינעם עבור: תשלום מח-ן:063133047 | D12: 99010330 | F12: 300 | G12: -355.51 | H12: 46050 | I12: חממי אבינעם | J12: תשלום מח-ן:063133047
A13: 46050 | B13: זיכוי מיהב | C13: המבצע: צומן-חממי שרה עבור: מבנק 004,סניף 136 ,חשבון 000173160 | D13: 99004330 | F13: 300 | G13: -655.51 | H13: 46050 | I13: צומן-חממי שרה | J13: מבנק 004,סניף 136 ,חשבון 000173160
A14: 46047 | B14: bit העברת כסף | C14: המבצע: מיטל לנקרי עבור: משיכה לחשבון בנק | D14: 1078072343077 | F14: 40 | G14: -955.51 | H14: 46047 | I14: מיטל לנקרי | J14: משיכה לחשבון בנק
A15: 46044 | B15: מקס איט פיננסי | D15: 34685693 | E15: 156.95 | G15: -995.51 | H15: 46044
A16: 46043 | B16: מקס איט פיננסי | D16: 34685693 | E16: 3.9 | G16: -838.56 | H16: 46043
A17: 46042 | B17: מקס איט פיננסי | D17: 34685693 | E17: 49.9 | G17: -834.66 | H17: 46042
A18: 46042 | B18: קצבת ילדים | C18: עבור: לנקרי מיטל מזהה 035929330 | D18: 13104088 | F18: 115 | G18: -784.76 | H18: 46042 | J18: לנקרי מיטל מזהה 035929330
A19: 46038 | B19: משיכה מבנקט | D19: 5197 | E19: 200 | G19: -899.76 | H19: 46038
A20: 46037 | B20: מקס איט פיננסי | D20: 34685693 | E20: 207.9 | G20: -699.76 | H20: 46037
A21: 46037 | B21: הו"ק פקדון | D21: 3500001 | E21: 50 | G21: -491.86 | H21: 46037
A22: 46036 | B22: מקס איט פיננסי | D22: 34685693 | E22: 50 | G22: -441.86 | H22: 46036
A23: 46034 | B23: בטוח לאומי חד | C23: עבור: לנקרי מיטל מזהה 035929330 | D23: 63051080 | F23: 1749 | G23: -391.86 | H23: 46034 | J23: לנקרי מיטל מזהה 035929330
A24: 46034 | B24: בטוח לאומי חד | C24: עבור: לנקרי מיטל מזהה 035929330 | D24: 63051080 | F24: 120 | G24: -2140.86 | H24: 46034 | J24: לנקרי מיטל מזהה 035929330
A25: 46033 | B25: עוגן הקרן להלו | C25: עבור: לנקרי מיטל מזהה 035929330 | D25: 30954655 | E25: 416 | G25: -2260.86 | H25: 46033 | J25: לנקרי מיטל מזהה 035929330
A26: 46033 | B26: מקס איט פיננסי | D26: 34685693 | E26: 141.33 | G26: -1844.86 | H26: 46033
A27: 46033 | B27: הוראת-קבע (תאריך ערך: 09/01) | C27: המבצע: לנקרי בני עבור: 12-544-050322 | D27: 912544050322 | F27: 700 | G27: -1703.53 | H27: 46031 | I27: לנקרי בני | J27: 12-544-050322
A28: 46031 | B28: מקס איט פיננסי | D28: 34685693 | E28: 49.9 | G28: -2403.53 | H28: 46031
A29: 46028 | B29: מקס איט פיננסי | D29: 34685693 | E29: 32.9 | G29: -2353.63 | H29: 46028
A30: 46027 | B30: bit העברת כסף | C30: המבצע: מיטל לנקרי עבור: משיכה לחשבון בנק | D30: 1078016346415 | F30: 550 | G30: -2320.73 | H30: 46027 | I30: מיטל לנקרי | J30: משיכה לחשבון בנק
A31: 46026 | B31: bit העברת כסף | C31: המבצע: מיטל לנקרי עבור: משיכה לחשבון בנק | D31: 1078010895583 | F31: 73 | G31: -2870.73 | H31: 46026 | I31: מיטל לנקרי | J31: משיכה לחשבון בנק
A32: 46026 | B32: רבית (תאריך ערך: 01/01) | C32: כולל הטבת עו"ש מקזז בסך 52.44 ש"ח | D32: 1225 | E32: 54.71 | G32: -2943.73 | H32: 46023 | J32: כולל הטבת עו"ש מקזז בסך 52.44 ש"ח
A33: 46024 | B33: הו"ק הלו' רבית | D33: 615563159 | E33: 124.71 | G33: -2889.02 | H33: 46024
A34: 46024 | B34: הו"ק הלואה קרן | D34: 615563159 | E34: 330.81 | G34: -2764.31 | H34: 46024
A35: 46024 | B35: מקס איט פיננסי | D35: 34685693 | E35: 7628.75 | G35: -2433.5 | H35: 46024
A36: 46024 | B36: משיכה מבנקט | D36: 3363 | E36: 200 | G36: 5195.25 | H36: 46024
A37: 46024 | B37: כאל | D37: 6716 | E37: 4551.98 | G37: 5395.25 | H37: 46024
A38: 46023 | B38: הו"ק הלו' רבית | D38: 615563159 | E38: 103.44 | G38: 9947.23 | H38: 46023
A39: 46023 | B39: הו"ק הלואה קרן | D39: 615563159 | E39: 442.26 | G39: 10050.67 | H39: 46023

Sheet אשראי-12
A1: כל המשתמשים (1)
A2: כל הכרטיסים (1)
A3: 04/2026
A4: תאריך עסקה | B4: שם בית העסק | C4: קטגוריה | D4: 4 ספרות אחרונות של כרטיס האשראי | E4: סוג עסקה | F4: סכום חיוב | G4: מטבע חיוב | H4: סכום עסקה מקורי | I4: מטבע עסקה מקורי | J4: תאריך חיוב | K4: הערות | L4: תיוגים | M4: מועדון הנחות | N4: מפתח דיסקונט | O4: אופן ביצוע ההעסקה | P4: שער המרה ממטבע מקור/התחשבנות לש"ח
A5: 28-01-2026 | B5: הפניקס רכב חובה | C5: ביטוח | D5: 7721 | E5: תשלומים | F5: 134 | G5: ₪ | H5: 1343 | I5: ₪ | J5: 03-04-2026 | K5: תשלום 3 מתוך 10 | O5: טלפוני
A6: 03-02-2026 | B6: כהן ויטוס- 360 | C6: שונות | D6: 7721 | E6: תשלומים | F6: 304.83 | G6: ₪ | H6: 3658 | I6: ₪ | J6: 03-04-2026 | K6: תשלום 2 מתוך 12 | O6: טלפוני
A7: 20-02-2026 | B7: מאור | C7: טיסות ותיירות | D7: 7721 | E7: תשלומים | F7: 580 | G7: ₪ | H7: 5800 | I7: ₪ | J7: 03-04-2026 | K7: תשלום 2 מתוך 10 | O7: טלפוני
A8: 01-03-2026 | B8: WOLT | C8: מסעדות, קפה וברים | D8: 7721 | E8: רגילה | F8: 49 | G8: ₪ | H8: 49 | I8: ₪ | J8: 03-04-2026 | O8: טלפוני
A9: 01-03-2026 | B9: הטבות פיס פ. | C9: פנאי, בידור וספורט | D9: 7721 | E9: רגילה | F9: 70 | G9: ₪ | H9: 70 | I9: ₪ | J9: 03-04-2026 | O9: טלפוני
A10: 01-03-2026 | B10: הטבות פיס פ. | C10: פנאי, בידור וספורט | D10: 7721 | E10: רגילה | F10: 150 | G10: ₪ | H10: 150 | I10: ₪ | J10: 03-04-2026 | O10: אינטרנט
A11: 02-03-2026 | B11: ביחד בשבילך | C11: פנאי, בידור וספורט | D11: 7721 | E11: רגילה | F11: -199 | G11: ₪ | H11: 199 | I11: ₪ | J11: 03-04-2026 | K11: ביטול עסקה | O11: טלפוני
A12: 02-03-2026 | B12: היי מאמי הו"ק | C12: העברת כספים | D12: 7721 | E12: רגילה | F12: 49 | G12: ₪ | H12: 49 | I12: ₪ | J12: 03-04-2026 | K12: הוראת קבע | O12: טלפוני
A13: 03-03-2026 | B13: בוטיק סנטרל רחובות | C13: מסעדות, קפה וברים | D13: 7721 | E13: רגילה | F13: 6 | G13: ₪ | H13: 6 | I13: ₪ | J13: 03-04-2026
A14: 04-03-2026 | B14: מאוחדת פארם אונליין | C14: רפואה ובתי מרקחת | D14: 7721 | E14: רגילה | F14: 214.17 | G14: ₪ | H14: 214.17 | I14: ₪ | J14: 03-04-2026 | O14: טלפוני
A15: 05-03-2026 | B15: בימק רא"ם | C15: רפואה ובתי מרקחת | D15: 7721 | E15: רגילה | F15: 122.49 | G15: ₪ | H15: 122.49 | I15: ₪ | J15: 03-04-2026
A16: 05-03-2026 | B16: עסקים עושים עסקים | C16: שונות | D16: 7721 | E16: רגילה | F16: -150 | G16: ₪ | H16: 150 | I16: ₪ | J16: 03-04-2026 | K16: ביטול עסקה | O16: טלפוני
A17: 06-03-2026 | B17: מאוחדת שיניים | C17: רפואה ובתי מרקחת | D17: 7721 | E17: רגילה | F17: 110 | G17: ₪ | H17: 110 | I17: ₪ | J17: 03-04-2026
A18: 06-03-2026 | B18: מייפון קניון רחובות-צמרת | C18: שירותי תקשורת | D18: 7721 | E18: רגילה | F18: 70 | G18: ₪ | H18: 70 | I18: ₪ | J18: 03-04-2026
A19: 06-03-2026 | B19: הטבות פיס פ. | C19: פנאי, בידור וספורט | D19: 7721 | E19: רגילה | F19: 67 | G19: ₪ | H19: 67 | I19: ₪ | J19: 03-04-2026 | O19: טלפוני
A20: 07-03-2026 | B20: פבריקה פיצה בעמ | C20: מסעדות, קפה וברים | D20: 7721 | E20: רגילה | F20: 96 | G20: ₪ | H20: 96 | I20: ₪ | J20: 03-04-2026 | O20: טלפוני
A21: 07-03-2026 | B21: WOLT | C21: מסעדות, קפה וברים | D21: 7721 | E21: רגילה | F21: 186.6 | G21: ₪ | H21: 186.6 | I21: ₪ | J21: 03-04-2026 | O21: טלפוני
A22: 07-03-2026 | B22: הטבות פיס פ. | C22: פנאי, בידור וספורט | D22: 7721 | E22: רגילה | F22: 190 | G22: ₪ | H22: 190 | I22: ₪ | J22: 03-04-2026 | O22: אינטרנט
A23: 09-03-2026 | B23: חברת פרטנר תקשורת בע"מ (ה | C23: שירותי תקשורת | D23: 7721 | E23: רגילה | F23: 170.74 | G23: ₪ | H23: 170.74 | I23: ₪ | J23: 03-04-2026 | K23: הוראת קבע | O23: טלפוני
A24: 09-03-2026 | B24: WOLT | C24: מסעדות, קפה וברים | D24: 7721 | E24: רגילה | F24: 67.2 | G24: ₪ | H24: 67.2 | I24: ₪ | J24: 03-04-2026 | O24: טלפוני
A25: 10-03-2026 | B25: פרי טיוי | C25: שירותי תקשורת | D25: 7721 | E25: רגילה | F25: 39.9 | G25: ₪ | H25: 39.9 | I25: ₪ | J25: 03-04-2026 | K25: הוראת קבע | O25: טלפוני
A26: 10-03-2026 | B26: WOLT | C26: מסעדות, קפה וברים | D26: 7721 | E26: רגילה | F26: 68.25 | G26: ₪ | H26: 68.25 | I26: ₪ | J26: 03-04-2026 | O26: טלפוני
A27: 11-03-2026 | B27: מקס פינוקים פלוס | C27: פנאי, בידור וספורט | D27: 7721 | E27: רגילה | F27: 110 | G27: ₪ | H27: 110 | I27: ₪ | J27: 03-04-2026 | O27: טלפוני
A28: 11-03-2026 | B28: עירית רחובות אינטרנט | C28: עירייה וממשלה | D28: 7721 | E28: רגילה | F28: 62.1 | G28: ₪ | H28: 62.1 | I28: ₪ | J28: 03-04-2026 | O28: טלפוני
A29: 11-03-2026 | B29: WOLT | C29: מסעדות, קפה וברים | D29: 7721 | E29: רגילה | F29: 95.01 | G29: ₪ | H29: 95.01 | I29: ₪ | J29: 03-04-2026 | O29: טלפוני
A30: 11-03-2026 | B30: חברת החשמל לישראל בע"מ | C30: דלק, חשמל וגז | D30: 7721 | E30: רגילה | F30: 385.65 | G30: ₪ | H30: 385.65 | I30: ₪ | J30: 03-04-2026 | O30: טלפוני
A31: 11-03-2026 | B31: הטבות פיס פ. | C31: פנאי, בידור וספורט | D31: 7721 | E31: רגילה | F31: 67 | G31: ₪ | H31: 67 | I31: ₪ | J31: 03-04-2026 | O31: טלפוני
A32: 11-03-2026 | B32: הטבות פיס פ. | C32: פנאי, בידור וספורט | D32: 7721 | E32: רגילה | F32: 190 | G32: ₪ | H32: 190 | I32: ₪ | J32: 03-04-2026 | O32: אינטרנט
A33: 12-03-2026 | B33: WOLT | C33: מסעדות, קפה וברים | D33: 7721 | E33: רגילה | F33: 105 | G33: ₪ | H33: 105 | I33: ₪ | J33: 03-04-2026 | O33: טלפוני
A34: 12-03-2026 | B34: פרדייס | C34: מסעדות, קפה וברים | D34: 7721 | E34: רגילה | F34: 11.58 | G34: ₪ | H34: 12 | I34: ₪ | J34: 03-04-2026 | M34: הנחת מועדון: הנחות + -0.42 ₪ | O34: טלפוני
A35: 13-03-2026 | B35: WOLT | C35: מסעדות, קפה וברים | D35: 7721 | E35: רגילה | F35: 102.75 | G35: ₪ | H35: 102.75 | I35: ₪ | J35: 03-04-2026 | O35: טלפוני
A36: 13-03-2026 | B36: WOLT | C36: מסעדות, קפה וברים | D36: 7721 | E36: רגילה | F36: 122.2 | G36: ₪ | H36: 122.2 | I36: ₪ | J36: 03-04-2026 | O36: טלפוני
A37: 15-03-2026 | B37: עסקים עושים עסקים | C37: שונות | D37: 7721 | E37: רגילה | F37: 50 | G37: ₪ | H37: 50 | I37: ₪ | J37: 03-04-2026 | O37: טלפוני
A38: 15-03-2026 | B38: WOLT | C38: מסעדות, קפה וברים | D38: 7721 | E38: רגילה | F38: 57.6 | G38: ₪ | H38: 57.6 | I38: ₪ | J38: 03-04-2026 | O38: טלפוני
A39: 15-03-2026 | B39: הבאר השלישית. | C39: עירייה וממשלה | D39: 7721 | E39: רגילה | F39: 80.74 | G39: ₪ | H39: 80.74 | I39: ₪ | J39: 03-04-2026 | O39: טלפוני
A40: 15-03-2026 | B40: WOLT | C40: מסעדות, קפה וברים | D40: 7721 | E40: רגילה | F40: 69 | G40: ₪ | H40: 69 | I40: ₪ | J40: 03-04-2026 | O40: טלפוני
A41: 15-03-2026 | B41: הטבות פיס פ. | C41: פנאי, בידור וספורט | D41: 7721 | E41: רגילה | F41: 190 | G41: ₪ | H41: 190 | I41: ₪ | J41: 03-04-2026 | O41: טלפוני
A42: 16-03-2026 | B42: מאוחדת פארם אונליין | C42: רפואה ובתי מרקחת | D42: 7721 | E42: רגילה | F42: 108.89 | G42: ₪ | H42: 108.89 | I42: ₪ | J42: 03-04-2026 | O42: טלפוני
A43: 16-03-2026 | B43: אקשן טויס רחובות | C43: פנאי, בידור וספורט | D43: 7721 | E43: רגילה | F43: 20 | G43: ₪ | H43: 20 | I43: ₪ | J43: 03-04-2026
A44: 16-03-2026 | B44: FRIENDS תרבות ישראלית | C44: פנאי, בידור וספורט | D44: 7721 | E44: רגילה | F44: -98 | G44: ₪ | H44: 98 | I44: ₪ | J44: 03-04-2026 | K44: ביטול עסקה | O44: טלפוני
A45: 16-03-2026 | B45: WOLT | C45: מסעדות, קפה וברים | D45: 7721 | E45: רגילה | F45: 110.7 | G45: ₪ | H45: 110.7 | I45: ₪ | J45: 03-04-2026 | O45: טלפוני
A46: 16-03-2026 | B46: BIT | C46: העברת כספים | D46: 7721 | E46: רגילה | F46: 120 | G46: ₪ | H46: 120 | I46: ₪ | J46: 03-04-2026 | K46: למי: שרונה עזרא | O46: אינטרנט
A47: 17-03-2026 | B47: סופרפארם אונליין | C47: רפואה ובתי מרקחת | D47: 7721 | E47: רגילה | F47: 17.03 | G47: ₪ | H47: 17.03 | I47: ₪ | J47: 03-04-2026 | O47: אינטרנט
A48: 17-03-2026 | B48: עולם הממתקים רחובות | C48: מזון וצריכה | D48: 7721 | E48: רגילה | F48: 7 | G48: ₪ | H48: 7 | I48: ₪ | J48: 03-04-2026 | O48: תשלום בנייד
A49: 17-03-2026 | B49: עולם הממתקים רחובות | C49: מזון וצריכה | D49: 7721 | E49: רגילה | F49: 34 | G49: ₪ | H49: 34 | I49: ₪ | J49: 03-04-2026 | O49: תשלום בנייד
A50: 17-03-2026 | B50: מקדונלדס APPLE/GOOGLE PAY | C50: מסעדות, קפה וברים | D50: 7721 | E50: רגילה | F50: 14 | G50: ₪ | H50: 14 | I50: ₪ | J50: 03-04-2026 | O50: אינטרנט
A51: 17-03-2026 | B51: MAMI מה משתלם - | C51: שונות | D51: 7721 | E51: רגילה | F51: 25 | G51: ₪ | H51: 25 | I51: ₪ | J51: 03-04-2026 | O51: טלפוני
A52: 17-03-2026 | B52: BIT | C52: העברת כספים | D52: 7721 | E52: רגילה | F52: 50 | G52: ₪ | H52: 50 | I52: ₪ | J52: 03-04-2026 | K52: למי: יוליה בייזמן | O52: אינטרנט
A53: 17-03-2026 | B53: BIT | C53: העברת כספים | D53: 7721 | E53: רגילה | F53: 15 | G53: ₪ | H53: 15 | I53: ₪ | J53: 03-04-2026 | K53: למי: יוליה בייזמן | O53: אינטרנט
A54: 18-03-2026 | B54: ביחד בשבילך | C54: פנאי, בידור וספורט | D54: 7721 | E54: רגילה | F54: 38 | G54: ₪ | H54: 38 | I54: ₪ | J54: 03-04-2026 | O54: טלפוני
A55: 18-03-2026 | B55: ארומה אפליקציה | C55: מסעדות, קפה וברים | D55: 7721 | E55: רגילה | F55: 23.3 | G55: ₪ | H55: 23.3 | I55: ₪ | J55: 03-04-2026 | O55: אינטרנט
A56: 18-03-2026 | B56: מיניגוד | C56: ספרים ודפוס | D56: 7721 | E56: רגילה | F56: 15 | G56: ₪ | H56: 15 | I56: ₪ | J56: 03-04-2026
A57: 18-03-2026 | B57: עולם הממתקים רחובות | C57: מזון וצריכה | D57: 7721 | E57: רגילה | F57: 7 | G57: ₪ | H57: 7 | I57: ₪ | J57: 03-04-2026 | O57: תשלום בנייד
A58: 18-03-2026 | B58: פיצה מתי קניון רחובות | C58: מסעדות, קפה וברים | D58: 7721 | E58: רגילה | F58: 22 | G58: ₪ | H58: 22 | I58: ₪ | J58: 03-04-2026 | O58: תשלום בנייד
A59: 18-03-2026 | B59: WOLT | C59: מסעדות, קפה וברים | D59: 7721 | E59: רגילה | F59: 148.18 | G59: ₪ | H59: 148.18 | I59: ₪ | J59: 03-04-2026 | O59: טלפוני
A60: 18-03-2026 | B60: WOLT | C60: מסעדות, קפה וברים | D60: 7721 | E60: רגילה | F60: 115.5 | G60: ₪ | H60: 115.5 | I60: ₪ | J60: 03-04-2026 | O60: טלפוני
A61: 18-03-2026 | B61: WOLT | C61: מסעדות, קפה וברים | D61: 7721 | E61: רגילה | F61: 106 | G61: ₪ | H61: 106 | I61: ₪ | J61: 03-04-2026 | O61: טלפוני
A62: 18-03-2026 | B62: הטבות פיס | C62: פנאי, בידור וספורט | D62: 7721 | E62: רגילה | F62: 15 | G62: ₪ | H62: 15 | I62: ₪ | J62: 03-04-2026 | O62: אינטרנט
A63: 18-03-2026 | B63: הטבות פיס פ. | C63: פנאי, בידור וספורט | D63: 7721 | E63: רגילה | F63: 190 | G63: ₪ | H63: 190 | I63: ₪ | J63: 03-04-2026 | O63: טלפוני
A64: 19-03-2026 | B64: כהן ויטוס- 360 | C64: שונות | D64: 7721 | E64: רגילה | F64: 76.7 | G64: ₪ | H64: 76.7 | I64: ₪ | J64: 03-04-2026 | O64: טלפוני
A65: 19-03-2026 | B65: WOLT | C65: מסעדות, קפה וברים | D65: 7721 | E65: רגילה | F65: 117.6 | G65: ₪ | H65: 117.6 | I65: ₪ | J65: 03-04-2026 | O65: טלפוני
A66: 21-03-2026 | B66: ארומה רחובות | C66: מסעדות, קפה וברים | D66: 7721 | E66: רגילה | F66: 100 | G66: ₪ | H66: 100 | I66: ₪ | J66: 03-04-2026 | O66: תשלום בנייד
A67: 21-03-2026 | B67: הוט סינמה רחובות | C67: פנאי, בידור וספורט | D67: 7721 | E67: רגילה | F67: 9 | G67: ₪ | H67: 9 | I67: ₪ | J67: 03-04-2026 | O67: טלפוני
A68: 21-03-2026 | B68: הטבות פיס | C68: פנאי, בידור וספורט | D68: 7721 | E68: רגילה | F68: 24 | G68: ₪ | H68: 24 | I68: ₪ | J68: 03-04-2026 | O68: טלפוני
... A70: 22-03-2026 | B70: ארומה אפליקציה | C70: מסעדות, קפה וברים | D70: 7721 | E70: רגילה | F70: 100 | G70: ₪ | H70: 100 | I70: ₪ | J70: 03-04-2026 | O70: אינטרנט
A71: 22-03-2026 | B71: ח.חינם רחובות A4S | C71: מזון וצריכה | D71: 7721 | E71: רגילה | F71: 157.58 | G71: ₪ | H71: 157.58 | I71: ₪ | J71: 03-04-2026
A72: 22-03-2026 | B72: WOLT | C72: מסעדות, קפה וברים | D72: 7721 | E72: רגילה | F72: 52.4 | G72: ₪ | H72: 52.4 | I72: ₪ | J72: 03-04-2026 | O72: טלפוני
A73: 22-03-2026 | B73: WOLT | C73: מסעדות, קפה וברים | D73: 7721 | E73: רגילה | F73: 129.2 | G73: ₪ | H73: 129.2 | I73: ₪ | J73: 03-04-2026 | O73: טלפוני
A74: 22-03-2026 | B74: הטבות פיס פ. | C74: פנאי, בידור וספורט | D74: 7721 | E74: רגילה | F74: 190 | G74: ₪ | H74: 190 | I74: ₪ | J74: 03-04-2026 | O74: טלפוני
A75: 22-03-2026 | B75: KSP רחובות | C75: חשמל ומחשבים | D75: 7721 | E75: רגילה | F75: 69 | G75: ₪ | H75: 69 | I75: ₪ | J75: 03-04-2026 | O75: אינטרנט
A76: 23-03-2026 | B76: סופר פארם רחובות | C76: רפואה ובתי מרקחת | D76: 7721 | E76: רגילה | F76: 55.8 | G76: ₪ | H76: 55.8 | I76: ₪ | J76: 03-04-2026
A77: 23-03-2026 | B77: פיצה מתי קניון רחובות | C77: מסעדות, קפה וברים | D77: 7721 | E77: רגילה | F77: 22 | G77: ₪ | H77: 22 | I77: ₪ | J77: 03-04-2026 | O77: תשלום בנייד
A78: 23-03-2026 | B78: הטבות פיס | C78: פנאי, בידור וספורט | D78: 7721 | E78: רגילה | F78: 15 | G78: ₪ | H78: 15 | I78: ₪ | J78: 03-04-2026 | O78: טלפוני
A79: 24-03-2026 | B79: KSP רחובות | C79: חשמל ומחשבים | D79: 7721 | E79: רגילה | F79: 16 | G79: ₪ | H79: 16 | I79: ₪ | J79: 03-04-2026 | O79: טלפוני
A80: 24-03-2026 | B80: הטבות פיס | C80: פנאי, בידור וספורט | D80: 7721 | E80: רגילה | F80: 15 | G80: ₪ | H80: 15 | I80: ₪ | J80: 03-04-2026 | O80: אינטרנט
A81: 24-03-2026 | B81: הטבות פיס | C81: פנאי, בידור וספורט | D81: 7721 | E81: רגילה | F81: 130 | G81: ₪ | H81: 130 | I81: ₪ | J81: 03-04-2026 | O81: טלפוני
A82: 24-03-2026 | B82: מקדונלדס APPLE/GOOGLE PAY | C82: מסעדות, קפה וברים | D82: 7721 | E82: רגילה | F82: 9 | G82: ₪ | H82: 9 | I82: ₪ | J82: 03-04-2026 | O82: אינטרנט
A83: 24-03-2026 | B83: אורבניקה קניון רחובות | C83: אופנה | D83: 7721 | E83: רגילה | F83: 15 | G83: ₪ | H83: 15 | I83: ₪ | J83: 03-04-2026
A84: 25-03-2026 | B84: פיס מנויים | C84: פנאי, בידור וספורט | D84: 7721 | E84: רגילה | F84: 120 | G84: ₪ | H84: 120 | I84: ₪ | J84: 03-04-2026 | K84: הוראת קבע | O84: טלפוני
A85: 25-03-2026 | B85: ספא רפאל סנטר | C85: קוסמטיקה וטיפוח | D85: 7721 | E85: רגילה | F85: 40 | G85: ₪ | H85: 40 | I85: ₪ | J85: 03-04-2026 | O85: טלפוני
A86: 25-03-2026 | B86: ספא רפאל סנטר | C86: קוסמטיקה וטיפוח | D86: 7721 | E86: רגילה | F86: 322 | G86: ₪ | H86: 322 | I86: ₪ | J86: 03-04-2026 | O86: טלפוני
A87: 25-03-2026 | B87: העברה ב BIT בנה"פ | C87: העברת כספים | D87: 7721 | E87: רגילה | F87: 550 | G87: ₪ | H87: 550 | I87: ₪ | J87: 03-04-2026 | K87: למי: שלי דניאל | O87: טלפוני
A88: 25-03-2026 | B88: WOLT | C88: מסעדות, קפה וברים | D88: 7721 | E88: רגילה | F88: 68.25 | G88: ₪ | H88: 68.25 | I88: ₪ | J88: 03-04-2026 | O88: טלפוני
A89: 25-03-2026 | B89: WOLT | C89: מסעדות, קפה וברים | D89: 7721 | E89: רגילה | F89: 84.42 | G89: ₪ | H89: 84.42 | I89: ₪ | J89: 03-04-2026 | O89: טלפוני
A90: 26-03-2026 | B90: קופת חולים הוראות קבע | C90: רפואה ובתי מרקחת | D90: 7721 | E90: רגילה | F90: 216.64 | G90: ₪ | H90: 216.64 | I90: ₪ | J90: 03-04-2026 | K90: הוראת קבע | O90: טלפוני
A91: 26-03-2026 | B91: פיצה מתי קניון רחובות | C91: מסעדות, קפה וברים | D91: 7721 | E91: רגילה | F91: 22 | G91: ₪ | H91: 22 | I91: ₪ | J91: 03-04-2026 | O91: תשלום בנייד
A92: 26-03-2026 | B92: פיס פלוס -תו נטען | C92: פנאי, בידור וספורט | D92: 7721 | E92: רגילה | F92: 37.5 | G92: ₪ | H92: 37.5 | I92: ₪ | J92: 03-04-2026 | O92: טלפוני
A93: 26-03-2026 | B93: WOLT | C93: מסעדות, קפה וברים | D93: 7721 | E93: רגילה | F93: 166.9 | G93: ₪ | H93: 166.9 | I93: ₪ | J93: 03-04-2026 | O93: טלפוני
A94: 27-03-2026 | B94: הטבות פיס פ. | C94: פנאי, בידור וספורט | D94: 7721 | E94: רגילה | F94: 190 | G94: ₪ | H94: 190 | I94: ₪ | J94: 03-04-2026 | O94: טלפוני
A95: 27-03-2026 | B95: WOLT | C95: מסעדות, קפה וברים | D95: 7721 | E95: רגילה | F95: 67.28 | G95: ₪ | H95: 67.28 | I95: ₪ | J95: 03-04-2026 | O95: טלפוני
A96: 27-03-2026 | B96: BIT | C96: העברת כספים | D96: 7721 | E96: רגילה | F96: 20 | G96: ₪ | H96: 20 | I96: ₪ | J96: 03-04-2026 | K96: למי: יוליה בייזמן | O96: אינטרנט
A97: 28-03-2026 | B97: עסקים עושים עסקים | C97: שונות | D97: 7721 | E97: רגילה | F97: 164 | G97: ₪ | H97: 164 | I97: ₪ | J97: 03-04-2026 | O97: טלפוני
A98: 28-03-2026 | B98: WOLT | C98: מסעדות, קפה וברים | D98: 7721 | E98: רגילה | F98: 158.68 | G98: ₪ | H98: 158.68 | I98: ₪ | J98: 03-04-2026 | O98: טלפוני
A99: 28-03-2026 | B99: הטבות פיס | C99: פנאי, בידור וספורט | D99: 7721 | E99: רגילה | F99: 24 | G99: ₪ | H99: 24 | I99: ₪ | J99: 03-04-2026 | O99: טלפוני
A100: 29-03-2026 | B100: סופר פארם רחובות | C100: רפואה ובתי מרקחת | D100: 7721 | E100: רגילה | F100: 6.9 | G100: ₪ | H100: 6.9 | I100: ₪ | J100: 03-04-2026
A101: 29-03-2026 | B101: ארומה אפליקציה | C101: מסעדות, קפה וברים | D101: 7721 | E101: רגילה | F101: 15.2 | G101: ₪ | H101: 15.2 | I101: ₪ | J101: 03-04-2026 | O101: אינטרנט
...

Sheet אשראי-13
A1: כל המשתמשים (1)
A2: כל הכרטיסים (1)
A3: 04/2026
A4: תאריך עסקה | B4: שם בית העסק | C4: קטגוריה | D4: 4 ספרות אחרונות של כרטיס האשראי | E4: סוג עסקה | F4: סכום חיוב | G4: מטבע חיוב | H4: סכום עסקה מקורי | I4: מטבע עסקה מקורי | J4: תאריך חיוב | K4: הערות | L4: תיוגים | M4: מועדון הנחות | N4: מפתח דיסקונט | O4: אופן ביצוע ההעסקה | P4: שער המרה ממטבע מקור/התחשבנות לש"ח
A5: 07-01-2026 | B5: DISNEY PLUS LONDON GB | C5: שירותי תקשורת | D5: 7721 | E5: חיוב עסקות מיידי | F5: -49.9 | G5: ₪ | H5: 49.9 | I5: ₪ | J5: 29-03-2026 | K5: ביטול עסקה | O5: אינטרנט
A6: 07-02-2026 | B6: DISNEY PLUS LONDON GB | C6: שירותי תקשורת | D6: 7721 | E6: חיוב עסקות מיידי | F6: -49.9 | G6: ₪ | H6: 49.9 | I6: ₪ | J6: 29-03-2026 | K6: ביטול עסקה | O6: אינטרנט
A7: 28-02-2026 | B7: GOOGLE YOUTUBEPREMIUM 650-2530000 US | C7: פנאי, בידור וספורט | D7: 7721 | E7: חיוב עסקות מיידי | F7: 45.9 | G7: ₪ | H7: 45.9 | I7: ₪ | J7: 04-03-2026 | K7: חיוב עסקת חו"ל בש"ח | O7: אינטרנט
A8: 03-03-2026 | B8: NETFLIX.COM LOS GATOS NL | C8: שירותי תקשורת | D8: 7721 | E8: חיוב עסקות מיידי | F8: 69.9 | G8: ₪ | H8: 69.9 | I8: ₪ | J8: 04-03-2026 | K8: חיוב עסקת חו"ל בש"ח | O8: אינטרנט
A9: 06-03-2026 | B9: PAYPAL *TENBISCOILL 4029357733 IL | C9: שונות | D9: 7721 | E9: חיוב עסקות מיידי | F9: 19.3 | G9: ₪ | H9: 19.3 | I9: ₪ | J9: 10-03-2026 | O9: אינטרנט
A10: 07-03-2026 | B10: DISNEY PLUS LONDON GB | C10: שירותי תקשורת | D10: 7721 | E10: חיוב עסקות מיידי | F10: 49.9 | G10: ₪ | H10: 49.9 | I10: ₪ | J10: 10-03-2026 | K10: חיוב עסקת חו"ל בש"ח | O10: אינטרנט
A11: 07-03-2026 | B11: DISNEY PLUS LONDON GB | C11: שירותי תקשורת | D11: 7721 | E11: חיוב עסקות מיידי | F11: -49.9 | G11: ₪ | H11: 49.9 | I11: ₪ | J11: 29-03-2026 | K11: ביטול עסקה | O11: אינטרנט
A12: 09-03-2026 | B12: DATENIGHT* CORONACRSH DATENIGHT.AI US | C12: פנאי, בידור וספורט | D12: 7721 | E12: חיוב עסקות מיידי | F12: 50 | G12: ₪ | H12: 50 | I12: ₪ | J12: 11-03-2026 | K12: חיוב עסקת חו"ל בש"ח | O12: אינטרנט
A13: 11-03-2026 | B13: PAYPAL *TENBISCOILL 4029357733 IL | C13: שונות | D13: 7721 | E13: חיוב עסקות מיידי | F13: 99.9 | G13: ₪ | H13: 99.9 | I13: ₪ | J13: 17-03-2026 | O13: אינטרנט
A14: 13-03-2026 | B14: PAYPAL *TENBISCOILL 4029357733 IL | C14: שונות | D14: 7721 | E14: חיוב עסקות מיידי | F14: 9 | G14: ₪ | H14: 9 | I14: ₪ | J14: 17-03-2026 | O14: אינטרנט
A15: 18-03-2026 | B15: HELP.HBOMAX.COM AMSTERDAM NL | C15: פנאי, בידור וספורט | D15: 7721 | E15: חיוב עסקות מיידי | F15: 49.9 | G15: ₪ | H15: 49.9 | I15: ₪ | J15: 19-03-2026 | K15: חיוב עסקת חו"ל בש"ח | O15: אינטרנט
A16: 19-03-2026 | B16: APPLE.COM/BILL CORK IE | C16: פנאי, בידור וספורט | D16: 7721 | E16: חיוב עסקות מיידי | F16: 3.9 | G16: ₪ | H16: 3.9 | I16: ₪ | J16: 24-03-2026 | K16: חיוב עסקת חו"ל בש"ח | O16: אינטרנט
A17: 21-03-2026 | B17: JOOM RIGA LV | C17: שונות | D17: 7721 | E17: חיוב עסקות מיידי | F17: 110.1 | G17: ₪ | H17: 110.1 | I17: ₪ | J17: 24-03-2026 | K17: חיוב עסקת חו"ל בש"ח | O17: אינטרנט
A18: 27-03-2026 | B18: PRIME VIDEO AMAZON.COM US | C18: פנאי, בידור וספורט | D18: 7721 | E18: חיוב עסקות מיידי | F18: 19.26 | G18: ₪ | H18: 5.99 | I18: $ | J18: 31-03-2026 | O18: אינטרנט | P18: 3.1700
A19: סך הכל
A20: 377.36₪

Sheet בנק-14
A1: תנועות בחשבון
A2: מספר חשבון 12-615-563159 תאריך הפקה 14.05.2026
A3: תאריך | B3: הפעולה | C3: פרטים | D3: אסמכתא | E3: חובה | F3: זכות | G3: יתרה בש''ח | H3: תאריך ערך | I3: לטובת | J3: עבור
A4: 46077 | B4: מקס איט פיננסי | D4: 34685693 | E4: 121.26 | G4: -2427.69 | H4: 46077
A5: 46075 | B5: מקס איט פיננסי | D5: 34685693 | E5: 3.9 | G5: -2306.43 | H5: 46075
A6: 46075 | B6: bit העברת כסף | C6: המבצע: מיטל לנקרי עבור: משיכה לחשבון בנק | D6: 1078154885089 | F6: 60 | G6: -2302.53 | H6: 46075 | I6: מיטל לנקרי | J6: משיכה לחשבון בנק
A7: 46073 | B7: מקס איט פיננסי | D7: 34685693 | E7: 156.95 | G7: -2362.53 | H7: 46073
A8: 46073 | B8: קצבת ילדים | C8: עבור: לנקרי מיטל מזהה 035929330 | D8: 13104088 | F8: 115 | G8: -2205.58 | H8: 46073 | J8: לנקרי מיטל מזהה 035929330
A9: 46072 | B9: מקס איט פיננסי | D9: 34685693 | E9: 49.9 | G9: -2320.58 | H9: 46072
A10: 46071 | B10: זיכוי מדיסקונט | C10: המבצע: אייזיק רחל עבור: העברה מח-ן:089304227 | D10: 99011330 | F10: 100 | G10: -2270.68 | H10: 46071 | I10: אייזיק רחל | J10: העברה מח-ן:089304227
A11: 46068 | B11: מקס איט פיננסי | D11: 34685693 | E11: 307.9 | G11: -2370.68 | H11: 46068
A12: 46068 | B12: הו"ק פקדון | D12: 3500001 | E12: 50 | G12: -2062.78 | H12: 46068
A13: 46065 | B13: בטוח לאומי חד | C13: עבור: לנקרי מיטל מזהה 035929330 | D13: 63051080 | F13: 1062 | G13: -2012.78 | H13: 46065 | J13: לנקרי מיטל מזהה 035929330
